Artist,Title,Popularity
Thr3shold & The Visitors,Sektor V,0
Sly One vs. Jurrane,Silicone Stars,0
Cern,The Message (Southern Mix),10
Muse,New Born,46
Signum feat. Scott Mac,Coming On Strong (Original Mix),0
Sebastian Ingrosso + Alesso Feat. Ryan Tedder ,Calling (Lose My Mind) (Extended Club Mix),0
Alan Walker,Faded (Tungevaag & Raaban Remix),44
Yahel & Eyal Barkan,Voyage (Original Mix),0
Bob Dylan,Blowin' In The Wind,68
Agnelli & Nelson,Holding On To Nothing (Paul van Dyk Edit),0
Earth Nation,Alienated (John Askew Remix),1
Orjan Nilsen,La Guitarra (Original Mix),12
Tiësto,Suburban Train (Sean Tyas Dirty Mix),16
Olive,You're Not Alone (Radio Edit),45
The Weeknd,Blinding Lights (W&W Festival Mix),57
Sophie Sugar,Call Of Tomorrow (John O'Callaghan Remix),3
Alex M.O.R.P.H. feat. Ana Criado,Sunset Boulevard (Original Mix),10
Adam Foley,Changes,0
EnMass,CQ (Seek You),6
Felix Jaehn Feat. Jasmine Thompson ,Ain't Nobody (Loves Me Better),0
Carrie Skipper,Time Goes By (Super8 Deep Mix),15
Jon Secada,Just Another Day,64
Shake,I Breathe Music,0
Shy Rose,I Cry For You (Club Mix),37
Adam Foley,Castaway,0
Andain,Beautiful Things (Photon Project Remix),3
Angèle,Flou (Lost Frequencies Remix),0
Trust Company,Downfall,0
Red Hot Chili Peppers,Snow ((Hey Oh)),78
Sniff 'n' the Tears,Driver's Seat,50
Witness45,iPlanet (Original Mix),0
Dogzilla,Without You (John O'Callaghan Nailz Dub Remix),0
Sophie Sugar,Fallen Too Far (Orginal Mix),0
Greg Downey,Grade A (Original Mix),0
John O'Callaghan feat. Audrey Gallagher,Big Sky (Agnelli & Nelson Remix),0
Thomas Bronzwaer,Titan (Original Mix),0
Swedish House Mafia vs. Tinie Tempah,Miami 2 Ibiza (Clean Radio Edit),0
Delerium,Heaven's Earth (Matt Darey Remix),22
Laura Branigan,Self Control,72
Avicii,Levels ,0
Daniel Kandi & Robert Nickson,Liberate,0
Push,Till We Meet Again (Original Mix),4
Perasma,Swing 2 Harmony (Gabriel & Dresden Remix),0
Alex Adair,	Make Me Feel Better (Don Diablo & Cid Remix),30
Aalto,5 (Original Mix),0
Elvis vs. JXL,A Little Less Conversation (Radio Edit Remix),0
GTR,Mistral (Original Mix),15
Gabriel & Dresden,Let Go,0
Andy Moor,Fake Awake (Original Mix),10
Green Day,American Idiot,78
Quench,Dreams,0
Above & Beyond,Alone Tonight (Above & Beyond's Club Mix),26
The Prodigy,Invaders Must Die,55
Armin van Buuren,Imagine (Original Mix),7
Li Kwan,Point Zero 2004 (Leama & Moor Remix),0
The Chainsmokers & ILLENIUM,Takeaway,0
Bjorn Akesson,Gunsmoke (Original Mix),9
Swedish House Mafia,Greyhound,61
Neelix,Expect What (Original Mix),1
Richard Durand,Always The Sun (Falldown Mix),0
Space Cat,Kreak part 2 (Kami's Jeplaaaaa Remake),0
William Orbit,Ravel's Pavane Pour Une Infante Défunte (Ferry Corsten Mix),2
Sandro Silva x Willy William,Bollywood (Extended Mix),0
V-One,Dead Cities (Original Mix),11
Sayla,Majestic (Arizona vs. Passiva Remix),6
Simon Patterson,We'll See (Paul Webster Remix),0
Passenger,Caravan (Kygo Remix),0
Red Hot Chili Peppers,By The Way,74
John Askew,The Door (Activa Remix),0
Sophie Sugar,Redemption (Original Mix),1
Richard Durand,Into Something (Original Mix),0
Mekka,Diamondback,18
Vertical Mode,Modular Pitch (Original Mix),0
Mike Foyle,Pandora (The Blizzard Remix),19
Orkidea,Metaverse (Gareth Emery Remix),30
Humate,Love Stimulation (Lovemix),5
Li Kwan,Point Zero,0
The Aztec Mystic,Jaguar,0
Rex Mundi,Hidden Treasures (Original Mix),0
Simon O'Shine & Ahmed Romel,L'Absente (Original Mix),0
John O'Callaghan,Stresstest (John Askew Remix),24
Vitalic,La Rock 01,38
Deep Dish,Say Hello (Paul Van Dyk Mix),0
U2,Where The Streets Have No Name (John O'Callaghan Remix),70
Above & Beyond,Home (Above & Beyond Club Mix),28
Endre,Kallocain (Robert Nickson Remix),7
BT,Never Gonna Come Back Down (Hybrid's Breaktek Mix),5
Sneijder & Bryan Kearney,Proper Order (Original Mix),0
Umek,Gatex (Tiësto Remix),0
Mathew Jonson,Marionette,33
DJ Tiësto,Theme From Norefjell (Magikal Remake),26
Queen,Bohemian Rapsody,0
Major Lazer x DJ Snake Feat. MØ,Lean On,0
Randy Boyer & Eric Tadla,Stemcell (Original Mix),0
Ronny K Presents EOYC,Morning Light (EOYC Anthem) (Original Mix),0
Onova,Platitude (Original Mix),11
Gouryella,Walhalla,28
Sander Kleinenberg,My Lexicon (Full Length Version),0
Greg Downey,Once Again (Original Mix),0
Chicane,Red Skies,15
The Vaccines,Minimal Affection,34
Lost Frequencies feat. Flynn,Recognise (Extended Deluxe Mix),6
Mark Knight & Funkagenda,Man With The Red Face (Hardwell Remix),53
Giuseppe Ottaviani & John O'Callaghan,Our Dimension (Original Mix),0
Green Day,Holiday,68
Marco V,Simulated (Original Version),0
Super8,Alba (Original Mix),8
Man With No Name,Teleport ,1
A Flock Of Seagulls,I Ran,46
Carl B & Breaking Benjamin,The Diary Of Jane (Sean Tyas Rework),0
Sum 41,Over My Head (Better Off Dead),54
Faul & Wad Ad Vs. Pnau,Changes,0
Mesh,Purple Haze,3
O'Callaghan & Downey,One Way Ticket,0
Dumonde vs. Lange,Memory (Original Mix),0
Armin van Buuren,I Live For That Energy (ASOT 800 Anthem) (Extended Mix),21
Adam Ellis,Napalm Poet (Original Mix),9
Amoeba Assassin,Rollercoaster (Oakey's Courtyard Mix),15
Red Hot Chili Peppers,Dani California,77
Alesso Featuring Nico & Vinz,	I Wanna Know (Alesso & Deniz Koyu Remix),0
Avicii,The Who vs Avicii vs Deniz Koyu - Baba O'Riley vs Fade Into Darkness vs Bong (Avicii Mashup),0
Paul Oakenfold,Full Moon Party,10
Mark Leanings vs. Space Rockerz & Tania Zygar,Whatever Happened To Puzzle Piece (John O'Callaghan Mash Up),0
Years & Years,Gold,35
Simon Patterson,Panic Attack,0
Sneijder & Bryan Kearney,Next Level,0
Who's Who,Not So Dirty (The Chainsmokers & Jenaux Remake),0
Binary Finary,1998 (Paul van Dyk Remix),49
Yeah Yeah Yeahs,Heads Will Roll (A-Track Mix),59
Calvin Harris Feat. John Newman,Blame,0
Sinéad O'Connor,Sacrifice,0
Kungs Ft. Jamie N Commons,Don't You Know ,0
Glasvegas,If,13
DK8,Murder Was The Bass (KloneZ remix),0
Perpetuous Dreamer,Dust.wav (Armin van Buuren's Rising Star Mix),18
Gabriel & Dresden feat. Molly,Tracking Treasure Down (Original Mix),22
Solar Stone,The Calling (Orkidea's Piano Mix),0
Faithless,Salva Mea (Epic Mix),0
Cygnus X,The Orange Theme (Moonman's Orange Juice Mix),25
Armin van Buuren vs. DJ Tiësto,Yet Another Suburban Train (Armin van Buuren Mashup),0
Ilse DeLange,The Great Escape (Armin van Buuren Remix),0
Dimitri Vegas & Like Mike & Moguai,Mammoth (Original Mix),0
Martin Solveig & Laidback Luke,Blow,0
The Chainsmokers,Beach House,54
Rex Mundi,Opera Of Northern Ocean,14
Gorillaz,19/2000 (Soulchild Remix),40
Coca & Villa,La Noche (Original Mix),3
Sensation,The Anthem 2003 (Original Mix),23
John Askew,Bad Apple (Original Mix),1
Avicii Vs Lenny Kravitz,Superlove,0
DJ Tiësto,Suburban Train,0
Felix,Don't You Want Me (Hooj Mix),41
Sunlounger feat. Zara,Lost (Club Mix),0
Envio,Touched By The Sun (Envio's Sunrise Remix),2
Pendulum,Fasten Your Seatbelt,44
"Vintage Culture, Goodboys",This Feeling (Original Mix),60
Gaia,Tuvan (Original Mix),0
Pobsky,Dark Cloud (Markus Schulz Big Room Reconstruction),0
Airwave,Alone In The dark,16
Commander Tom,Are Am Eye (John Askew Remix) ,6
Dirty South & Alesso Feat. Ruben Haze,City Of Dreams,0
PPK,ResuRection (Space Club Mix),0
Crystal Fighters,Love Alight,0
Gareth Emery pres. Runaway,Outrageous,0
Blazer,Renegade,0
Armin van Buuren With DJ Shah Feat. Chris Jones,Going Wrong (Sean Tyas Remix),0
Aly & Fila pres. A&F Project,Ankh - Breath Of Life (Original Mix),0
Rachael Starr,Till There Was You (Gabriel & Dresden Club Mix),9
Utah Saints,Lost Vagueness (Oliver Lieb's Main Mix),19
Cosmic Gate,Should Have Known (Joint Operations Centre Rework),0
Adam Ellis,Agent Orange (Original Mix),0
Phil Collins,You Can't Hurry Love,76
Muse,Madness,67
Jan Johnston,Calling Your Name (Thrillseekers Remix),13
Heatbeat,Paradise Garage (Piano Mix),4
Red Hot Chili Peppers,Under The Bridge,81
Greg Downey,Send The Gods,0
Armin van Buuren,Ping Pong (Simon Patterson Remix),4
Fort Minor,Remember The Name,0
David West,Make U Mine (Vocal Mix),0
Queen,Somebody To Love,68
Plastic Angel,Try Walking In My World (Daniel Kandi Rising Mix),0
Oliver Koletzki,Der Mückenschwarm (Original),0
The Vaccines,Wreckin' Bar (Ra Ra Ra),50
Paul Oakenfold,Southern Sun (DJ Tiësto Remix),43
The Thrillseekers,Synaesthesia (Paul van Dyk Dub Mix),24
Coldplay,Violet Hill,67
John O'Callaghan vs. Neptune Project,Rhea,0
Simon Patterson,Roll the Credits (Original Mix),0
Olive,You're Not Alone (Oakenfold & Osbourne Mix),0
Armin vs. M.I.K.E.,Intruder,0
Muse,Invincible,52
Darren Porter,Spellbound (Original Mix),13
Chris Isaak,Wicked game,78
Usher,Scream,66
Michael Cassette,Crockett's Theme (Original Mix),43
David Morales Presents The Face,Needin' U (Original Mistake),0
Tove Lo,Habits (Stay High - The Chainsmokers Radio Mix),0
Imagine Dragons,It's Time,65
Richard Durand,Slipping Away (1995 Mix),0
Martin Garrix & Jay Hardway,Wizard,0
twocolors,Runaways,20
Paul van Dyk,My World (Florin Mix),5
Paul van Dyk feat. Rea Garvey,Let Go,0
Alesso Vs. OneRepublic ,If I Lose Myself (Alesso Vs. OneRepublic Extended Remix),60
"Lost Frequencies,  James Arthur",Questions,70
Alex M.O.R.P.H. Feat. Sylvia Tosun,An Angel's Love (Vocal Mix),39
Will Holland feat. Yana Kay,Tears In The Rain (Alex M.O.R.P.H. B2B Woody van Eyden Remix),1
Phil Collins,Strangers Like Me,56
Rafael Frost vs Calvin Harris,Double Flashback (Mark Sherry Mashup),0
Olive,You're Not Alone (Paul Webster remix),0
Simple Minds,Someone Somewhere In Summertime,54
Rufus Wainwright,Hallelujah,61
New Order,Age Of Consent,16
DJ Tiësto Featuring Nicola Hitchcock,In My Memory (V-One Remix),0
Leon Bolier,YE (Original Mix),0
Tommee Profitt,In The End (Mellen Gi Remix),71
Scott Bond vs. Solar Stone,Naked Angel (Original Mix),0
Ridgewalkers Feat. El,Find (Andy Moor Remix),28
The Rolling Stones,Angie,71
Visage,Fade To Grey,62
New Order,Crystal,38
Tiësto & The Chainsmokers ft. Kanye West,Split (Only U) Vs. Love Lockdown (Fedde Le Grand Mashup),0
Nic Chagall,What You Need (Original Extended),8
Agnelli & Nelson,Everyday (Lange Remix),22
Octagen & Arizona,Profound ,0
Sum 41,No Reason,59
The Moon feat. Nu NRG,The Moon Loves The Sun,0
Kungs,Never Going Home,69
Oasis,Lyla,51
1200 Micrograms,High Paradise,20
Sleeper,Atomic,0
Leon Bolier Presents Surpresa,Back In The Days,1
The Royal Concept,On Our Way,51
Franz Ferdinand,Ulysses,53
Chicane ,Lost You Somewhere,23
NWYR,Voltage (Extended Mix),0
Leama,Melodica (Original Melodic Mix),0
Jochen Miller,Lost Connection (Original Mix),3
Simon Patterson,Smack,0
Paul van Dyk,Forbidden Fruit,30
Orjan Nilsen,Soulflayer (Original Mix),0
Green Day,Basket Case,80
CM,Dream Universe (Marino.S.pace Club Mix),20
Haddaway,What Is Love,73
Astrix,Antiwar,14
Daniel Kandi,Make Me Believe (Original Rise Mix),14
System F,Elevate,14
Above & Beyond vs. Andy Moor,Air For Life (Original Mix),30
"Elton John, Dua Lipa",Cold Heart (Claptone Remix),64
Tranquility Base,Surrender,2
Coldplay,Paradise,83
Astrix,Sex Style,33
Agnelli & Nelson,El Niño,22
The Weeknd,Blinding Lights,90
Paul van Dyk Feat. Sue McLaren & Arty,The Sun After Heartbreak (Nick Callaghan & Will Atkinson Remix),0
Gaia,Aisha (Original Mix),0
Symphonix,The Good Old Times (Neelix Remix),1
Pulser,Cloudwalking (Astral Mix),13
ReOrder feat. Stine Grove,Biscay Bay (Ferry Tayle 'Neverending Story' Remix),0
Infected Mushroom,Becoming Insane,46
The Police,Message In A Bottle (S.O.S.) (Sander van Doorn Remix),0
Coming Soon!!!,Up On You ,0
The Trashmen,Surfin' Bird,55
Bryan Kearney,You Will Never Be Forgotten (Original Mix),1
Blank & Jones,Desire (Original Mix),0
Faithless,Insomnia (Monster Mix),55
The Killers,Who Let You Go?,33
Paul Webster,The Joker (Original Mix),0
Rollerball,Albinoni (Above & Beyond Remix),7
Depeche Mode,Strangelove,42
M.I.K.E.,Massive Motion (Original Mix),2
Maluma,Sin Contrato,64
Will Atkinson,Victims (Original Mix),12
The Noble Six vs. Chris Metcalfe,Ocean Avenue (Original Mix),0
Simon Patterson,F-16,0
Muse,Starlight,73
John Askew,Mechanism (Original Mix),0
BT,Force Of Gravity (Ferry Corsten Bootleg Remix),0
FKN feat. Jahala,Why? (Aly & Fila Remix),0
Bruce Springsteen,Glory Days,70
Satoshi Tomiie,Love In Traffic (Satoshi's Dark Path Remix),0
Red Hot Chili Peppers,Californication,81
Humate,Curious (Inquisitive Remix),0
Caesars,Jerk It Out,66
ICE MC,Think About The Way (Extended Mix),0
Simon Patterson,Whatever It Takes,2
Armin van Buuren feat. Nadia Ali,Who Is Watching (Tonedepth Remix),0
Vincent de Moor,Green Heaven,10
Klingande,Jubel (Original Mix),0
Armin van Buuren Feat. Jan Vayne,Serenity (Original Mix),25
Ghostland Feat. Sinead O'Connor,Guide Me God (Paul van Dyk Remix),0
Simon Patterson & Will Atkinson,Golden Hour (Extended Mix),9
Marino Stephano,Free Time,0
Matt Skyer,Throwing Swords ,0
Mike & The Mechanics,Over My Shoulder,44
Alberto Iglesias,Me Voy A Morir De Tanto Amor,42
Baddiel & Skinner & Lightning Seeds,Three Lions,40
Hook N Sling Ft. Karin Park,Tokyo By Night (Axwell Remix),36
Chicane Featuring Bryan Adams,Don't Give Up (Disco Citizens vs. Tomski Remix),0
Quake,Mantra (Forever) (Original Mix),0
Rüfüs Du Sol,Underwater (NWYR Remix),0
Hardwell,Spaceman,56
Sean Tyas pres. Logistic,One More Night Out (Original Mix),0
Daniel Kandi,I Found The Way (Original Bangin' Mix),6
Matt Skyer,Radiovision,0
Atlantis vs Avatar Feat. Miriam Stockley,Fiji (Original Mix),0
Bryan Adams,Have You Ever Really Loved a Woman?,69
Kygo Ft. Miguel,Remind Me To Forget,0
Ram,RAMsterdam (Jorn van Deynhoven Remix),0
Marc Simz,Forbidden City (Indecent Noise Remix),0
Above & Beyond,Tri-State,43
Alphaville,Big in Japan,64
Green Velvet,Flash (Joint Operations Centre Rework),0
Black Pearl,Bounty Island (DJ Shah's San Antonio Harbour Mix),8
Ernesto vs. Bastian,Dark Side Of The Moon (Dogzilla Pure Filth Remix),8
Moogwai,Viola (Armin van Buuren Remix),17
Marshmello,Keep It Mello,0
John Waite,Missing You,70
Rex Mundi,Streaming Waterfalls (Original Mix),0
Castaneda,Floor Control (Original Mix),5
Sean Tyas & Simon Patterson,Something's Up (Original Mix),0
Chicane,Halcyon (Original Mix),0
Passenger,Let Her Go (Kygo Remix),75
Paul van Dyk feat. Vega 4,Time Of Our Lives (PvD Club Mix),39
Coldplay,Talk,63
Meiko,Leave The Lights On (Album Version),31
The Vaccines,Wetsuit,51
The Chainsmokers,Hope,64
Brian Eno,An Ending (Ascent) (Leama & Moor Remix),58
Simon Patterson,Brush Strokes (Original Mix),10
Orchestral Manoeuvres In The Dark,Electricity,46
Claudia Cazacu,Quatrain 1,0
Static Flow,Reality Flex,0
Interstate,I Found You (Original Mix),18
Mike Perry feat. Shy Martin,The Ocean,0
Menno de Jong & Adam Ellis,Solicitude (Original Mix),0
Neptune Project Feat. Polly Strange,The Inside feat. Polly Strange (Sneijder Remix),0
Dogzilla,Frozen (Club Mix),2
Breeder,Tyrantanic (Slacker's Kingdom Come Mix),15
Kygo & OneRepublic,Lose Somebody,0
The Chainsmokers,Dreaming vs What Is Love vs The Meaning (The Chainsmokers Mashup),0
Timbaland feat. One Republic,Apologize ,0
Cary Brothers,Ride (Album Version),0
The Killers,Somebody Told Me,78
Marvin Gaye,Sexual Healing (Kygo Remix),62
Foreigner,I Want To Know What Love Is,78
Alex Metric & Steve Angello Feat. Ian Brown,Open Your Eyes (Tim Mason Remix),0
Vertical Mode,Blue Muse (Original Mix),0
Y Traxx,Mystery Land,40
D-Addiction,WTF (Coming Soon Remix),4
Gouryella,Ligaya,0
Quadra,L.S.D. Came Falling Down,0
Axwell Λ Ingrosso,"We Come, We Rave, We Love",37
Lange,I Believe (Tandu Remix),25
Bryan Kearney,Goosebumps (Original Mix),6
The Killers,All These Things That I've Done,71
Michael Lee,Everblue (Adam Foley Remix),0
Greg Downey,Global Code (Original Mix),0
DJ Governor,Shades Of Grey,8
The Auranaut,People Want To Be Needed (Original Mix),4
Cabala,Dark Blue ,21
System F,Out Of The Blue ,48
Nu NRG,Take Your Air (2003 Mix),0
The Prodigy,Charly (Joint Operations Centre Rework),0
Firewall,Sincere (Lange Mix),7
Empire Of The Sun,Alive,60
Markus Schulz And Departure With Gabriel & Dresden,Without You Near (Gabriel & Dresden Mix),0
Madonna,La Isla Bonita,71
Planet Perfecto,Bullet In The Gun (Saturday Mix),11
Calvin Harris & Sam Smith ,Promises (Extended Mix),30
Jose Amnesia,The Eternal (Pulser Mix),0
The Chainsmokers,Sick Boy,67
Rising Star,Star Theme,0
Alesso Featuring Tove Lo,Heroes (We Could Be),0
Katcha,Touched By God (Katcha's '4am With Pecker' Mix),7
Jean Michel Jarre,Equinoxe Part 4,20
Pink Floyd,Comfortably Numb,73
1200 Micrograms,e=mc²,0
Gareth Emery Feat Christina Novelli,Concrete Angel (John O'Callaghan Remix),0
York,Reachers Of Civilization (Rank 1 Remix),34
Kygo,Jolene (Kygo Edit),0
Simon Templar,Meltwater (Part I),4
Dua Lipa,Blow Your Mind (Mwah),65
Oasis,Don't Look Back In Anger,71
Brian Cameron,Engage ,0
John O'Callaghan feat. Sarah Howells,Find Yourself (Heatbeat Remix - John O'Callaghan Rework),0
Gareth Emery feat. Emma Hewitt,I Will Be The Same,0
Super8 & Tab,Elektra (Original Mix),10
Gouryella,Tenshi (Original Mix),2
Dogzilla,Without You,28
Menno De Jong Feat. Noire Lee,Creatures Of The Night (Adam Ellis Remix),0
Londonbeat,I've Been Thinking About You,31
Jean Michel Jarre,Oxygene (Part II),56
Will Atkinson,Deep Impact (Original Mix),5
Hoobastank,Crawling In The Dark,66
Kuffdam & Plant Feat. Terry Ferminal,The Ones We Loved (Dogzilla Remix),0
Paul Oakenfold,Zoo York (Leama & Moor Mix),0
Andy Moor,Athena,0
Signum,The Timelord (Original Mix),6
New Order,True Faith,59
Bartlett Bros feat. Marcia Juell,Let It Flow (Gareth Emery Remix),0
Alesso Feat. Roy English,Cool,0
Solar Stone,Solarcoaster,29
The Beatles,A Hard Day's Night (Peppelino Bootleg),0
Ed Sheeran,Shivers,86
Solar Stone,Seven Cities (Solar Stone's Atlantis Mix),46
Solid Sleep,Club Attack (TPOD Mix By Paul van Dyk),0
Art Of Trance,Madagascar (Ferry Corsten Remix),36
Photographer,Airport (Original Mix),23
Nea,Some Say (Felix Jaehn Remix),68
Probspot,Foreplay,0
Control Freaks,Subspace Interference (Original Mix),0
Super8 & Tab feat. Jan Burton,Mercy (Extended Mix),0
Simon Patterson & Jordan Suckley,Vanilla,3
Rui Da Silva,Touch Me (Original Mix),42
O.C.,Not Even Winds,3
Kygo X Whitney Houston,Higher Love,0
James Blunt,You're Beautiful,37
Electrovoya,Whispers (Factoria Remix),0
Sophie Sugar,Together (Original Mix),9
Kungs Vs Cookin' On 3 Burners,This Girl,0
Tom Colontonio Feat. Michele Karmin,Colors Of A Tear (Nick Sentience Remix),0
Gabriel & Dresden,Arcadia,21
Orjan,Prison Break,1
The Police,Roxanne,79
Holden & Thompson,Nothing (93 Returning Mix),16
Take That,The Flood,57
Paul van Dyk,Together We Will Conquer,20
Adele,Someone Like You,78
Joop,The Future (Original Mix),14
Mike Foyle,Firefly (Original Mix),12
Moby,Go (Woodtick Mix),24
The Chainsmokers ft. 5SOS,Who Do You Love,69
W&W,Forever In Love,0
Nick Callaghan & Will Atkinson,Blizzard (Original Mix),0
Queen,Radio GaGa,0
Marcus Schössow,The Last Pluck (Orjan Nilsen Remix),0
Bryan Kearney,Te Amo (Original Mix),15
OceanLab,Lonely Girl (Gareth Emery Remix),5
System F,Cry (Ferry Corsten Club Mix),11
Sigala & James Arthur,Lasting Lover,0
Space Manoeuvres,Stage One (Tilt's Apollo 11 Mix),3
Crystal Fighters,Xtatic Truth,20
Sunny Lax,P.U.M.A (Original Mix),10
Pryda,Power Drive,29
Axwell Λ Ingrosso,Dreamer,62
Simon O'Shine,Your Distant World (Original Mix),6
Nu NRG,Butterfly,0
Faithless ,God Is A DJ (Astral Projection Remix),0
Londonbeat,I've Been Thinking About You (Dilemmachine Remix),40
Ascension,Someone (Original Vocal Mix),16
Yahel,Open Your Mind (Magikal Remake),13
Neptune Project,Temple Of Artemis (Original Mix),2
tyDi feat. Audrey Gallagher,You Walk Away (Original Mix),0
BBE,Seven Days And One Week (Club Mix),40
Galen Behr & Leon Bolier,Wet Dream (Original Mix),0
The Killers,Mr. Brightside (Jacques Lu Cont's Thin White Duke Mix),44
Gustavo Santaolalla,The Last of Us Part II,55
Red Hot Chili Peppers,Otherside,79
Angry Man,Mescaline (Original Mix),0
Marshmello,Moving On,53
Markus Schulz feat. Carrie Skipper,Never Be The Same Again (Markus Schulz Coldharbour Club Mix),0
Cris Cab,Liar Liar,52
Bryan Kearney,Mexican Rave (Original Mix),3
Eric Prydz,Call On Me (Eric Prydz vs. Retarded Funk Mix),21
Orjan Nilsen,Black Mamba,0
UB40,Red Red Wine,72
Roger Shah Pres. Savannah,Body Lotion(Jorn van Deynhoven Remix),0
Sinéad O'Connor,Nothing Compares 2 U,72
Dirty Vegas,Days Go By (CamelPhat Extended Remix),21
Inphasia,So Warm (Christian Cambas Remix),0
The Chainsmokers,Somebody,60
The Killers,When You Were Young,76
Signalrunners & Julie Thompson,These Shoulders (Andy Moor Remix),12
Tranquility Base,Buzz (Buzztalk Mix),3
Robbie Williams,She's The One,67
Ilya Soloviev & Paul Miller,Lover Summer (Orjan Nilsen Remix),0
Age Of Love,The Age Of Love (Jam & Spoon Watch Out For Stella Mix),46
Anberlin,The Feel Good Drag,58
Glasvegas,"Euphoria, Take My Hand",8
Steve Miller Band,Serenade,52
Lost Witness,Red Sun Rising (Lange Remix),0
Muse,Uprising,75
Muse,Shrinking Universe,36
Fragma,Toca Me (In Petto Mix),44
A.T.F.C Presents OnePhatDeeva,In And Out Of My Life (Quake Vocal Remix),0
AC/DC,Thunderstruck (Sean Tyas Bootleg),0
Crystal Fighters,LA Calling,29
Moonman,Galaxia (Original Mix ),0
Mash Up,Beautiful (Original Mix),0
Way Out West Featuring Tricia Lee Kelshall,Mindcircus (Gabriel & Dresden Club Mix),0
Neelix,Sleepwalk,20
Bande À Part,Ever Fallen In Love,0
Dimitri Vegas & Like Mike feat. Ne-Yo,Higher Place (Afrojack Extended Remix),0
Daft Punk,Around The World,73
Coldplay,Yellow,88
Chicane,Saltwater (Original Mix),1
Quivver,She Does (Quivver Mix),0
Franz Ferdinand,Take Me Out,78
Kruger & Coyle,The Witness (Phaxe & Pras Rmx),16
Pulser,My Religion,29
System F,Spaceman (Original Mix),0
Bedrock,Heaven Scent (Original Mix),30
Empire Of The Sun,We Are The People (Andy Moor & Ashley Wallbridge Bootleg),0
Ramin Djawadi,Main Title,0
The Chainsmokers Ft. Winona Oak,Hope (Parker Remix),32
Planet Perfecto feat. Grace,Not Over Yet 99 (Breeder's It Is Now Remix),4
Calvin Harris & Dua Lipa,One Kiss (Extended Mix),0
Dire Straits,Sultans of Swing,67
Sequentia vs. Maarten van Bergen,Echoes Of Sound (Sequentia Club Mix),0
Phil Collins,Another Day In Paradise,73
Will Atkinson,Hold Tight (Original Mix),0
Brian Cameron,Serotonin Syndrome (Original Mix),0
Calvin Harris Feat. Ellie Goulding,Outside,0
Coldplay,A Sky Full Of Stars (Paul Webster Bootleg),0
Matt Darey Feat. Kate Louise Smith,See The Sun (Dan Stone Rework),0
Lostprophets,Everyday Combat,0
Corderoy,Kyrie (Club Mix),0
Depeche Mode,I Feel You,24
U2,New Year's Day (Ferry Corsten Extended Vocal Mix),25
AC/DC,You Shook Me All Night Long,81
Lana Del Rey,Summertime Sadness (Reich & Bleich Remix),74
BT,"Mercury And Solace (BT 12"" Mastermix)",33
John O'Callaghan & Jennifer Rene,Games (Standerwick Remix),4
Kygo feat. Justin Jesso,Stargazing,0
Armin van Buuren vs. Rank 1 Feat. Kush,This World Is Watching Me (Original Mix),0
BT,Fibonacci Sequence,15
Leama & Moor feat. Jan Johnston,Waiting (Original Mix),0
Spin Doctors,Two Princes,68
The Police,So Lonely,66
Led Zeppelin,Stairway To Heaven,78
Miro,By Your Side (Original),0
John O'Callaghan feat. Audrey Gallagher,Take It All Away (Sean Tyas Remix),0
Millencolin,Happiness for Dogs,37
Infected Mushroom,Psycho,24
Lost Frequencies,What Goes Around Comes Around (Deluxe Extended Mix),0
Orbital,Halcyon + On + On,55
MØ,Pilgrim (MS MR Remix),30
"James Hype, Miggy Dela Rosa",Ferrari,0
Tiësto,Goldrush,18
Rafaël Frost,Black Box (Original Mix),0
Underworld,Cowgirl (Joint Operations Centre Remix),0
The Prodigy,Breathe,51
John Askew,Blackout (Simon Patterson Remix),0
Luis Paris,Incantation (Original Mix),0
Moonbeam,Cocoon (Original Mix),16
Glasvegas,Daddy's Gone,40
Macklemore & Ryan Lewis ft. Ray Dalton,Can't Hold Us ,80
Kygo Feat. Parson James,Stole The Show (W&W Bootleg),0
New Order,Ceremony,56
Rising Star,Touch Me,0
Albert Hammond,It Never Rains In Southern California,64
Safri Duo,Played-A-Live (Original Club Version),31
John O'Callaghan,Desert Orchid,0
Agnelli & Nelson,Shiver (John O'Callaghan Mix),9
Angelic Touchdown,Marinero (Nu Nrg Extended Mix),0
Luke Bond feat. Roxanne Emery,On Fire (Aly & Fila Remix),0
Will Atkinson,Unleash ,3
BT,Godspeed ,15
Michael Cassette,Summer (Dub),7
The Prodigy ,Voodoo People (John Askew Remix),0
Andy Moor,K Ta,14
Above & Beyond,Good For Me (Above & Beyond Club Mix),33
Simon Patterson,Us (Original Mix),0
Blank & Jones,Beyond Time (Club Mix),5
Three Drives,Sunset On Ibiza (Atkinson 10000 Remix),11
The Weeknd,Can't Feel My Face,82
Balearic Bill,Destination Sunshine (DJ Tiësto Power Mix),16
Angry Man ,Synthetic Fury (Original Mix),0
Ton TB,Electronic Malfunction (Paul Denton Remix),28
Muse,Supermassive Black Hole,76
Rank 1,L.E.D. There Be Light,44
Sneijder & Neal Scarborough,Your Way (Original Mix),0
DJ Tiësto,Sparkles (Airscape Remix),24
Tom Colontonio,Lifetime Connection (John O'Callaghan Remix),0
A.M.R.,Elevation (Fast Distance Remix),0
The Chainsmokers Ft. Rozes,Roses (Mitchell Clinkenbeard Remix),0
Aly & Fila,Key Of Life (Original Mix),6
Greg Downey,Stadium (Original Mix),0
Alibi,Eternity (Armin van Buuren's Rising Star Mix),21
KSHMR & Bassjackers Ft. Sirah,Memories,0
Embrace,Ashes,26
Starparty,I'm In Love (Sneijder Remix),0
Solarstone Featuring Lemon,Lovers (Giuseppe Ottaviani Remix),0
C-Systems,Close My Eyes (Lemon & Einar K Remix),7
Paul van Dyk,For An Angel (PvD E-Werk Club Mix),36
Roger Shah & Signum,Ancient World (Roger Shah Long Haul Flight),4
Gareth Emery,Exposure,32
Pink Floyd,Shine On The Dark Side of The Moon (Neptune Project's Out There With Pluto Mix),0
Calvin Harris // Rihanna,This Is What You Came For,0
Fleetwood Mac,Go Your Own Way,77
Pink Floyd,Shine On You Crazy Diamond (Part 1),31
Signum,First Strike,15
Juno Reactor,Conquistador (Astrix Remix),32
Pulp,Common People,68
Kygo,ID (Ultra Music Festival Anthem),55
Nick Callaghan & Will Atkinson ,Limitless,0
Octagen & Arizona,Starburst,0
Chris Metcalfe,Outback (Original Mix),0
Will Atkinson,Seventh Heaven (Extended Mix),9
Sergey Nevone & Simon O'Shine,Apprehension,0
Man With No Name,Floor-Essence (Dayglo Mix),24
Bon Jovi,It's My Life,79
Signalrunners,Aria Epica (Bart Claessen Remix),0
JPL,Lighthouses & Shorelines,0
Malachai,Snowflake,25
Ferry Tayle & Static Blue,L'Acrobat (Andy Blueman Remix),1
Massive Attack,Teardrop,70
David Guetta,Money,0
"Swedish House Mafia, Sting",Redlight,67
Pulp,Disco 2000,64
Paul Oakenfold,Southern Sun (Orkidea Remix),0
Ben Gold,Life (Sean Tyas Remix),0
Glasvegas,Flowers & Football Tops,29
Pet Shop Boys,Always On My Mind,56
Bobina,Time And Tide (Gareth Emery Remix),6
The Cranberries,Shattered,47
Amethyst,Andalucia (Sunrise),6
Urban Contact ft. Lisa Pac ,Sorry,0
Ben Gold,First Class Travel (Original Mix),2
Guano Apes,Open Your Eyes,40
Cut Copy,Take Me Over (Mylo Remix),18
Martin Garrix & Third Party,Lions In The Wild,53
Salt Tank,Eugina (Michael Woods Remix),20
Chumbawamba,Tubthumping,60
Andain,What It's Like (Sneijder Remix),9
Ferry Corsten feat. Maria Nayler,We Belong (Tritonal Air Up There Remix),0
The Smiths,This Charming Man,76
Empirion,Narcotic Influence (John Askew Remix),0
Galantis ft. Uffie with Halsey ft. Stefflon Don ,Spaceship with Alone (Kygo Mashup),0
Simon Patterson,We'll See,0
The Rembrandts,I'll Be There For You,67
Vascotia,Verano 2010 (Sean Tyas Remix),0
Khalid,Young Dumb & Broke (Young Bombs Remix),79
Vinai,Bounce Generation ,0
Saint Jhn,Roses (Imanbek Remix),0
Florian Paetzold,Easy (Extended Mix),0
Alt+F4,Alt+F4 (Original Mix),17
Nick Sentience feat. Lizzie Curious,Freefalling  (Original Mix),0
Becky G,No Mienten (Tiësto Remix),57
Coldplay,The Scientist,84
Arctic Moon,True Romance (Original Mix),13
Radiohead,Street Spirit (Fade Out),66
Yahel,U Inside,1
Perry O'Neil,Wave Force (Original Mix),15
Haze-M,Lucky Love (Original Club Mix),0
M83,Wait (Kygo Remix),0
Sasha,Magnetic North,22
Bryan Kearney & Will Atkinson,The Game Changer (Original Mix),15
Reflekt Feat. Delline Bass,Need To Feel Loved (Thrillseekers Remix),0
Simon Patterson,Spike,3
SaberZ x Zanny Duko,Open Your Mind (Extended Mix),0
Starfighter,Apache (John O'Callaghan Remix),8
Trevor Jones,Promentory,45
Afrojack & Martin Garrix,Turn Up The Speakers (Original Mix),0
Gus Gus,Purple (Sasha V The Light),19
Ashley Wallbridge,Harrier (Original Mix),0
Orinoko,Island (Thrillseekers Remix),0
Bryan Ferry,Slave To Love,67
Lost Frequencies,Send Her My Love,24
Bossanova,Stonecold (Afterburn Remix),10
Airbase,Back,3
Alphaville,Forever Young,71
Daft Punk,One More Time (Club Mix),0
OceanLab,Sirens Of The Sea (Above & Beyond Club Mix),21
The Offspring,Self-Esteem,75
The Sunclub,Fiesta De Los Tamborileros (Forest Dream Mix),0
Stonevalley,Hybrid (Original Mix),0
The Chainsmokers,Honest,55
Kygo & Will Heard ,Nothing Left,0
OceanLab,On A Good Day (Daniel Kandi Remix),19
Sam Feldt X Lucas & Steve Feat. Wulf,Summer On You (Club Mix),0
Orkidea,Unity,0
The Killers,Somebody Told Me (Josh Harris Club Mix),0
1200 Micrograms,Rock into the Future,19
Kyau vs. Albert,Velvet Morning (Aalto Remix),36
Muse,Psycho,67
Nick Sentience & Paul Robertson,Sylo (Original Mix),0
Michael Calfan,Resurrection (Axwell's Recut Club Version),37
Tiësto,I’ll Take You High,50
Robert Nickson,Spiral (Original Mix),15
Chicane,Autumn Tactics (Thrillseekers Remix),16
John Askew,Bastard ,0
Lange vs Gareth Emery,This Is New York,0
Showtek,We Like To Party ,51
Pendulum,Granite,45
Blink-182,What's My Age Again?,78
Sean Tyas,Seven Weeks (Original Mix),0
Aurora Featuring Naimee Coleman,Ordinary World (Above & Beyond Remix),0
Veracocha,Carte Blanche (Original Mix),44
Richard Durand,Sunhump 2006,34
Two Door Cinema Club,Sleep Alone,51
Arctic Quest,Renaissance,3
L.S.G.,Netherworld (Vinyl Cut),16
Mr. Pit,Shana (Duderstadt Progressive Dub vs Coldharbour Intro Mix),0
John Askew,Z List Uber Star (Amir Hussain Remix),7
Push,Universal Nation,48
Pet Shop Boys,Suburbia,0
Astral Projection,Mahadeva,32
Dimitri Vegas & Like Mike vs. W&W,Arcade (Original Mix),0
Muse,Undisclosed Desires,65
The Police,Don't Stand So Close to Me,0
Manic Street Preachers,If You Tolerate This Your Children Will Be Next,37
Paul van Dyk feat. BT,Namistai,0
Kungs,I Feel So Bad,62
Aly & Fila,Eye Of Horus (Original Mix),0
Afterburn,North Pole,18
Pet Shop Boys,Opportunities (Let's Make Lots of Money),48
Bjorn Akesson,Sol (Original Mix),2
The Weeknd,Is There Someone Else? (Lost Frequencies Remix) ,0
Andy Blueman,Florescence (Epic Mix),16
Youngblood Hawke,We Come Running,49
James Blunt,1973,0
Armin van Buuren,Orbion ,28
Bob Sinclar Feat. Gary 'Nesta' Pine,Love Generation (Club Mix),0
Madeon,Finale (Original Edit),0
Rex Mundi,Bella Monaco (Original Mix),17
The Prodigy,Voodoo People (Pendulum Remix),55
Greg Downey,Show Time,0
Armin van Buuren,Caught In The Slipstream Caught In The Slipstream (Khomha Remix),13
Hardwell & Armin van Buuren,Off The Hook (Mark Sixma Remix),0
Hallucinogen,LSD (Live Mix),0
Astrix,Poison,28
Anberlin,The Undeveloped Story,24
Hans Zimmer,Rock House Jail,0
Tilt,Invisible (Lost Tribe Vocal Mix),3
Enrico Sangiuliano,Astral Projection,45
Keane,Everybody's Changing,64
1200 Micrograms,E=MC² (Shanti Remix),3
The Fly-Bi-Nites ,Found Love,30
Marco V,False Light,14
a-ha,Take On Me,84
OceanLab,Sky Falls Down (Armin van Buuren Remix),2
Max Graham,The Evil ID (Mark Sherry Remix),9
Menno de Jong,Turtle Paradise ,4
Avicii Vs. Kings Of Leon,Abow Vs. Sex Is On Fire (Avicii Bootleg),0
B-Movie,Nowhere Girl,38
The Quest,Shaken Not Stirred ,10
Calvin Harris & Rag'n'Bone Man,Giant (Original Mix),0
Jordan Suckley,Santa Cruz,0
The Chainsmokers,#Selfie (Club Mix),0
Infected Mushroom,Heavyweight,35
Sasha,Xpander,39
Tilt,My Spirit (Original Tilt Mix),0
W&W,How Many (Extended Mix),19
Aly & Fila meets Roger Shah feat. Sylvia Tosun,Eye 2 Eye (FSOE 350 Anthem) (Extended Mix),0
Nic Chagall,Monday Bar (Original Mix),5
Lauv & Troye Sivan,I'm So Tired (Keanu Silva Remix),0
Fred Baker Presents Iguana,Beautiful Sunshine (Stoneface & Terminal Remix),0
The Chainsmokers ft. Shaun Reynolds & Romy Wave,Paris (Subsurface Remix),0
Bryan Kearney & Snatam Kaur,Ong Namo (Bryan Kearney's Live Intro Edit),19
Georgia,Ode To '99 (Original Mix),9
Miza & Peter Feat. Chris Linton,Us,0
Delerium,Angelicus (Andy Moor Full Length Mix),7
Dogzilla,Without You (Simon's Dead Dog Remix),0
Jean Michel Jarre,Oxygene 8,33
Passenger,Let Her Go,75
Breeder,Rockstone,8
Cut Copy,We Are Explorers,36
Will Atkinson,Breathe It,5
Mac Zimms,L'Annonce Des Couleurs ,22
Marcel Woods,Cherry Blossom,18
GTR,Flood Control,0
Brian Flinn,Monsterville (Tech Mix),0
Laura Turner,Soul Deep (Signum Dub),0
Crystal Fighters,At Home,37
Simon Patterson,Smack (John Askew Remix),4
Kuffdam & Plant,Summerdream (Paul van Dyk Remix),14
Purple Haze,Eden,0
M3,Bailamos (Matt Darey Mix),0
Black Eyed Peas,Where Is The Love (BCX ft. Ellena Soule Rework),0
CJ Bolland,The Prophet (Original Mix),0
Solid Sessions,Janeiro (Armin van Buuren Remix),14
ZAYN,Pillowtalk,0
Sander van Doorn,Riff (Original Mix),1
Eric Prydz,Pjanoo (Original Mix),0
Above & Beyond Feat. Richard Bedford,Northern Soul ,0
Armin,Communication (Original Mix),0
Selu Vibra,Divine,0
Jochen Miller,Twisted Mind (Extended Mix),0
Simon Patterson,We'll See (Sean Tyas & Waio Extended Remix),13
Jochen Miller,Face Value (Extended Mix),0
Armin van Buuren,Birth Of An Angel,12
John O'Callaghan,Low Resolution Fox (John Askew Remix),0
U2,Vertigo,65
Coming Soon,Into Space,2
Vengaboys,Kiss (Airscape Remix),0
Blank & Jones,The Nightfly,21
David Guetta,In Love with Myself,39
System F,Dance Valley Theme 2001,31
Stoneproof,Everything's Not You (Quivver's Space Mix),0
Natalie Imbruglia,Torn,74
Claudia Cazacu feat. Audrey Gallagher,Freefalling (Original Mix),0
Ed Sheeran,I See Fire (Kygo Remix),59
The Vaccines,Post Break-Up Sex,56
Eurythmics vs. Ronski Speed,Space Dreams (Markus Schulz Mashup),0
Hemstock & Jennings vs Adam White,Reverence (Darren Tate Remix),0
Firewall,Reflections,0
Madonna,"What It Feels Like For A Girl (Above & Beyond 12"" Club Mix)",38
Craig Connelly & Christina Novelli,Black Hole (Jorn van Deynhoven Remix),0
Andy Blueman,Neverland (Original Mix),11
Hemstock & Jennings,Mirage (Of Hope) (Original Mix),0
Tears For Fears,Mad World,66
The Chainsmokers Feat. Emily Warren,Side Effects,0
Breeder,Twilo Thunder (Stoked Up Mix),11
Simon Patterson,Miss You,12
Queen,The Show Must Go On,54
Crystal Fighters,Follow,33
Kygo ft. Maty Noyes,Stay,0
Paul van Dyk feat. Saint Etienne,Tell Me Why (The Riddle) (John Askew Remix),0
D:Fuse Feat Jes,Living The Dream (Matthew Dekay Vocal Remix),0
Vincent de Moor,Fly Away (Original Mix),11
The Killers,Jenny Was A Friend Of Mine,60
Mauro Picotto,Lizard (Megavoices Mix),15
Ferry Tayle Feat. Poppy,The Way Back Home (Dan Stone Remix),0
Ferry Corsten,Radio Crash,22
Tranquility Base,Razorfish (Above & Beyond Progressive Mix),0
Robin Schulz Feat. James Blunt,OK,0
Cape Town,Apollo 13 (Ferry Tayle Neverending Story Intro Mix),0
Aly & Fila feat. Rafif,Mother Nature (Bryan Kearney Remix),8
Astrix,Beyond The Senses,36
Bruce Springsteen,Hungry Heart,68
Ferry Corsten feat. Betsie Larkin,Made Of Love (Super8 & Tab Remix),0
Brian Cameron,Fatality (Original Mix),0
DJ Shah feat. Adrina Thorpe,Who Will Find Me (Original Summer Sunrise Mix),0
Super8 & Tab,Helsinki Scorchin' (Original Mix),23
John Askew Feat. Senadee,Nothing Left Between Us (Original Mix),0
Muse,Bliss,45
Mark Otten,Tranquility (Original Mix),9
Eric Carmen,Hungry Eyes,55
FACEPALM,Brainwash (Arcalis Remix),0
Delerium vs. Gareth Emery,This Is That Silence (Myon Collision),0
Union Jack,Two Full Moons & A Trout (Caspar Pound Mix),22
The Weeknd ,Can't Feel My Face (Martin Garrix Club Mix),54
Tilt,Children (Tilt's Courtyard Mix),24
Duke Dumont Feat. Jax Jones,I Got U,0
Karen Overton,Your Loving Arms (Markus Schulz & Elevation Intro Mix),12
DJ Danjo & Rob Styles,Duende (Signum Remix),12
Swedish House Mafia vs Blasterjaxx,One Snake (Avalonn Mashup),0
Oasis,Whatever,40
Deep Purple,Smoke On The Water,62
Stardust,Music Sounds Better With You,69
Orion,Gobstice (Original Mix),0
Kygo Feat. Sandro Cavazza,Happy Now,0
The White Stripes,Seven Nation Army,83
Planet Perfecto,Bullet In The Gun (Gary Maguire Remix),8
Ferry Corsten,Punk,39
John Askew,F@cking Caps Lock,0
The Rolling Stones,Paint It Black,81
Solarstone vs. Sirocco ,Destination,18
Man With No Name,Teleport (Nick Sentience Remix),17
Nalin & Kane,Open Your Eyes (Original Mix),0
Will Atkinson,Afterthought,0
Man With No Name,Vavoom!,0
Red Hot Chili Peppers,Can't Stop,0
The Ghosts,Enough Time,10
Fool's Garden,Lemon Tree,74
Aerium,Dolphins (Serenade Remix),0
Audible,White Mouse,0
Tiësto ,Just Be (Antillas Club Mix),38
Temple One,Aurora,0
Perpetuous Dreamer,The Sound Of Goodbye (Armin’s Tribal Feel),2
Eurythmics,When Tomorrow Comes,52
Tranquility Base,Getting Away (Leama & Moor Remix),0
Ed Sheeran & Passenger,No Diggity vs. Thrift Shop (Kygo Remix),0
Starkid,Crayons (Leama & Moor's In Loving Memory Of Starkid Mix),0
The Kid LAROI,Without You	,0
Paul van Dyk feat. Wayne Jackson,The Other Side (John Askew Remix),0
Mike Nichol,Tweak,0
Henry Green,Electric Feel (Kygo Remix),50
Blank & Jones,Cream (Paul van Dyk Remix),16
Cut Copy,Lights And Music,51
Bobina,Invisible Touch (Ferry Corsten's Touch Mix),17
John Askew vs. Swedish House Mafia,Onedalism (Bryan Kearney's Straight To Hell SMASH-UP),0
Michael Calfan,Treasured Soul,44
Santoz Meets PDM,Seagulls (PDM's Intro Rework Mix),0
Gary Maguire & Stereo Wildlife,Always Different (Original Mix),0
Sunblind,Believe (Nu NRG Extended Mix),0
Lost Frequencies,Rise (Deluxe Mix),36
Cut Copy,Meet Me In A House Of Love,26
Dogzilla,Dogzilla (Simon Patterson & Richie Kayvan Remix) ,0
Thomas Bronzwaer,Look Ahead,0
Martin Garrix & Jay Hardway,Spotless,44
Sven Väth,Harlequin - The Beauty & The Beast (Original Version),21
Bloodhound Gang,The Bad Touch,70
Philippe El Sisi,Humble (Original Mix),0
Filo & Peri,© 1999,0
Perry O'Neil,Numb,4
Franz Ferdinand,Evil Eye,56
Conjure One,Tears From The Moon (Hybrid's Twisted On The Terrace Mix),12
GTR,Reason To Believe (Original Mix),0
Matt Skyer,Yearning,0
Sean Tyas & Simon Patterson,For The Most Part (Original Mix),0
Endre,I Kill For You (Original Mix),3
The Chainsmokers feat. XYLØ,Setting Fires (Boxinbox & Lionsize Remix),0
The Dream Traveler,Time (Original Mix),0
The Ghosts,Ghosts,0
Goldfrapp,Strict Machine (Single Mix),28
Armin van Buuren,Who's Afraid Of 138?! (Jordan Suckley Remix),2
Nathan Fake,Outhouse (Main Mix),22
Nadia Ali,Love Story (Andy Moor Vocal Mix),5
Avicii,Without You,1
Autopilot Off,The 12th Day,37
OceanLab,Breaking Ties (Above & Beyond Analogue Haven Mix),34
The Police,Walking On The Moon,66
Âme,Rej,41
RR Workshop,Electrolux ,0
Simon Patterson,See You Soon (Extended Mix),0
The Weeknd Ft. Daft Punk,Starboy (Kygo Remix),0
Lost World,A Life Elsewhere (Original Mix),5
Bjorn Akesson,Castle Technology (Original Mix),1
Simon Patterson,F16 (Nick Callaghan & Will Atkinson Remix),7
Modern Talking,Atlantis Is Calling (S.O.S. For Love),59
Avicii,Hey Brother,77
Bizarrap,Quédate (Tiësto Remix),69
Neelix,Leave Me Alone (Simon Patterson Remix),9
Simon Patterson,Always (Original Mix),4
Mike Posner,I Took A Pill In Ibiza (SeeB Remix),71
Philippe El Sisi,Story Of My Life (Original Mix),0
The Animals,The House Of The Rising Sun,71
DJ Ton TB,Dream Machine (First State Remix),4
W&W,Arena (Original Mix),9
UB40,Can't Help Falling In Love,0
Glasvegas,The World Is Yours,15
Paul van Dyk,We Are Alive (Vandit Vocal Mix),4
Mike Foyle Presents Statica,Sundown (Original Mix),0
Leama,Requiem For A Dream (Leama's Dream Mix),17
Mark Norman Presents Celine,Colour My Eyes (Original Mix),0
The Lumineers,Ho Hey,74
The XX,Angels (Kygo Edit),0
Lange,Drifting Away (Lange's Sunset Dub),7
Lost Frequencies,Are You With Me (Dimaro Remix),22
Under Sun,Capoeira (Airbase Pres. Scarab Remix),0
Orkidea & David West,God's Garden (Original Mix),0
Firewall,Kilimanjaro (Original Mix),11
Will Atkinson,Numb The Pain (Original Mix),2
The Chainsmokers Ft. Phoebe Ryan,All We Know ,0
Steve Miller Band,Abracadabra,64
Tilt,Butterfly (Tilt's Mechanism Mix),0
Pedro Del Mar & Blue Tente,You Left (Ferry Tayle Universal Language Remix),7
Saltwater,The Legacy (Alphazone Mix),28
Simon Patterson,Spike (Vertical Mode Remix),9
Neptune Project,Aztec (Aly & Fila Remix),10
Cara Dillon vs. 2Devine,Black Is The Colour (Coco & Green Remix),11
Chicane Featuring Bryan Adams,Don't Give Up (Original Mix),0
DJ Tiësto,Obsession,0
Fatboy Slim,Praise You,56
Signum,What Ya Got 4 Me (Extended Vocal Mix),29
Rookies,Believe,0
Tranquility Base,Oceanic (Sean Tyas Remix),0
Svenson & Gielen feat. Jan Johnston,Beachbreeze (Green Court Remix),6
Years & Years,Desire (Gryffin Remix),61
Blondie,Maria,67
System F,Solstice,28
Midway,What If ,2
Mike Foyle vs. Signalrunners,Love Theme Dusk (Mike's Broken Record Mix),0
Mauro Picotto,Iguana (Joint Operations Centre Rework),0
Perry O'Neil,Kubik (Original) ,7
Jody Wisternoff vs. Gabriel & Dresden,Let Go Nostalgia (Armin van Buuren Bootleg),0
U2,The Miracle (Of Joey Ramone),52
Audiomatic & Vaishiyas,Exchange (Astrix Remix),15
The Communards,Don't Leave Me This Way,66
Armin van Buuren,Control Freak (Sander van Doorn Mix),28
Lange Ft. Sarah Howells,Out Of The Sky (Kyau & Albert Mix),0
Passion Pit,Take A Walk (The M Machine Remix),0
WestBam vs. Red Jerry,Wizards Of The Sonic (Matt Darey Remix),0
Supertramp,Breakfast In America,72
Way Out West,The Fall (Original Mix),0
Will Atkinson,Eternally (Original Mix),8
Sandro Cavazza,So Much Better (Lost Frequencies Remix),41
Kygo f. X Ambassadors,Undeniable,0
OceanLab,I Am What I Am (Lange Remix),0
DaBaby,Rockstar (BLM Remix),0
Roxy Music,More Than This,68
Vimana,We Came,19
Dr. Fish,M.U.D.M.A. (Blazer Remix),0
Calvin Harris & Alesso Feat. Hurts,Under Control,0
Transa,Enervate (Original Mix),2
Perpetuous Dreamer,Future Fun-Land (Original),0
Sly One,This Late Stage (Aly & Fila Remix),1
Daryl Hall & John Oates,Out Of Touch,64
Odessi,Moments Of Space ,6
The Visions Of Shiva,How Much Can You Take? (Emotional),9
"Martin Garrix, DallasK, Sasha Alex Sloan",Loop (Extended Mix),0
The Prodigy,Smack My Bitch Up,50
John O'Callaghan,Chameleon (Thomas Datt Mix),0
James Dymond,Overthrow (Protoculture Remix),9
Manic Street Preachers,Motorcycle Emptiness,57
Kamaya Painters,Cryptomnesia ,9
Standerwick,Valyrian,0
Purple Haze,Adrenaline,0
Desiigner,Panda,66
Andy Moor Feat. Carrie Skipper,She Moves (Original Mix),0
Rapid Eye,Circa-Forever (Rapid Eye's R.E.mix),19
Activa,Affirmation (Tom Colontonio Remix),1
UB40 ,I Got You Babe,65
Martin Garrix & MOTi,Virus (How About Now),54
Lenny Kravitz,Fly Away,73
Andy Moor,Resurrection (Original Mix),13
Ivan Gough & Feenixpawl Ft. Georgi Kay ‎,In My Mind (Axwell Mix) ,0
Allure,No More Tears (Original Mix),0
Vincent de Moor,Between 2 Fires (Armin van Buuren's Rising Star Mix),2
The Outfield,Your Love,74
Danjo & Styles vs. DJ Governor,Red Woods,0
Whirlpool,Under The Sun (Solarstone Remix),12
Salt Tank,Dimension (Salt Tank's Voices Of Reason Mix),0
Kaiser Chiefs,Ruby,69
Lighthouse Family,High,54
M.I.K.E.,Sunrise At Palamos 2009 (Gareth Emery Remix),5
John O'Callaghan,Don't Look Back (John Askew Remix),1
Lost Frequencies & Zonderling,Crazy (Tomorrowland Intro Mix),27
Sonic Inc.,The Taste Of Summer (Fire & Ice Vital Remix),22
Bon Jovi,Runaway,72
Gareth Emery,Citadel (Club Mix) ,17
Super8,Cre8 (Original Mix),8
Paul Oakenfold ,Southern Sun (Angry Man Remix),0
Blank & Jones feat. Bernard Sumner,Miracle Cure (Radio Mix),0
The 1975,The City,47
Jochen Miller,9 Minutes,2
Bedrock Feat. KYO,For What You Dream Of (Full On Renaissance Mix),0
Wayde Rafnel & Dave Correa,Derailed (Des McMahon Remix),0
The Weeknd,High for This,64
Will Atkinson,Subconscious,14
Nick Sentience & DJ Kristian,Threshold (Original Mix),0
W&W x Groove Coverage,Moonlight Shadow,0
Ronski Speed,The Space We Are (John O'Callaghan Remix),27
The Quest,C Sharp ,28
Pendulum,Hold Your Colour,51
New Order,Bizarre Love Triangle,65
The Cranberries,Zombie,81
Andain,Summer Calling (Airwave Club Mix),21
Corderoy,Sweetest Dreams (Ferry Corsten Remix),0
Mirco de Govia,Voller Sterne (Super8 Remix),7
Martin Garrix x Brooks,Byte,0
Liquid Soul,Have You Ever (Original Mix),0
Albert Vorne,Formentera What (Gareth Emery Remix),5
Armin van Buuren & R3hab feat. Simon Ward,Love We Lost (Skytech Remix),0
The Kid Laroi & Justin Bieber,Stay,0
Markus Schulz Presents Elevation,Somewhere (Clear Blue),0
Ilya Soloviev,Universal Universe (Original Mix),10
Martin Garrix & Dua Lipa,Scared To Be Lonely (Brooks Club Mix),76
Empire Of The Sun,We Are The People,71
Vimana,Dreamtime,0
R.E.M.,Losing My Religion,83
J.Viewz,Muse Breaks (Infected Mushroom Remix),0
Showtek & Noisecontrollers,Get Loose (Tiesto Remix),15
NWYR,Heart Eyes (Extended Mix),0
Filo & Peri Feat. Eric Lumiere,Anthem (Original Mix),0
Blink-182,All The Small Things,80
Miles Kane,Don't Forget Who You Are,43
Adam Kancerski,All Day Long (Original Mix),1
Huey Lewis And The News,Hip To Be Square,64
M83,Midnight City (Eric Prydz Private Remix),45
Mike Foyle Presents Statica,Space Guitar,0
Imogen Heap,Hide And Seek (Tiësto's In Search Of Sunrise Remix),36
Lost Tribe,Gamemaster,0
Hans Zimmer And Lisa Gerrard,Elysium / Honor Him / Now We Are Free,0
Swedish House Mafia and The Weeknd,Moth To A Flame,3
Muse,Butterflies and Hurricanes,57
Xstasia,Sweetness (Michael Woods Remix),0
4 Strings,Diving (Original Mix),0
Sebastian Ingrosso & Tommy Trash,Reload (Original Mix),0
Nicky Romero & Third Party,For The People,49
The Killers,For Reasons Unknown,61
Armin,Communication (Armin van Buuren's Remake),0
FKN feat. Jahala,Still Time (Corderoy Dub Mix),0
Martin Roth & Alex Bartlett,Off The World (Gareth Emery Remix),0
Paul van Dyk,Out There,18
Dirty South & Those Usual Suspects vs Swedish House Mafia,Walking Alone / Miami 2 Ibiza,0
Gary Maguire,Make Believe ,0
Martin Garrix Feat. Bonn,High On Life,70
Dimitri Vegas & Like Mike Vs Diplo Feat. Deb’s Daughter,Hey Baby (Extended Mix),0
Bloc Party,Helicopter,57
Blank & Jones,DJ Culture,13
Gotye,Somebody That I Used To Know,75
Robin Schulz Feat. Jasmine Thompson,Sun Goes Down (Extended Vocal Mix),0
Tiësto & Don Diablo Feat. Thomas Troelsen,Chemicals (Original Mix),0
Chicane ,Offshore (Disco Citizens Remix),15
Matt Darey Presents Urban Astronauts feat. Kate Louise Smith,See The Sun (Aurosonic Remix),11
Matti Laamanen,Flakes (Original),2
Akesson,Flavour Park (Original Mix),3
Fleetwood Mac,Seven Wonders,66
Mory Kanté,Yeke Yeke (Mark Eteson Remix),0
Nu NRG,Free Fall,0
Cut Copy,Strangers In The Wind,40
Solarstone with Aly & Fila vs The Thrillseekers,The Last Fireisland (Daniel Kandi Mashup),0
Eric Clapton,My Father's Eyes,59
Allure,Ever Enough,0
Gareth Emery,More Than Anything (Stoneface & Terminal Remix),0
Lost Witness,Happiness Happening (Lange Mix),23
Akesson,Perfect Blue (Original Mix),11
The Beloved,Sweet Harmony,63
Way Out West,Killa (Orkidea Remix),24
Matt Everson,Heist Manoeuvre (Nick Sentience Remix),0
Kygo X Donna Summer,Hot Stuff,0
Firewall,Touched,0
Ferry Tayle & Static Blue,Trapeze (Daniel Kandi's Emotional Remix),11
DJ Ange,Seamless (Original Mix),1
Solid Globe,North Pole,16
William Orbit,Barber's Adagio For Strings (Ferry Corsten Remix),22
Aly & Fila,Khepera (Original Mix),0
Astrix,Take a Shot (Simon Patterson Extended Remix),14
Nitromethane,Religion,0
John Askew,"Bored Of You, Bored Of Me (Gary Maguire Remix)",0
John Askew,Fade To Black (Original Mix),1
Bon Jovi,Livin' On A Prayer,84
Kings Of Leon,Sex On Fire,81
Peggy Gou,Starry Night (Edit),63
Tilt,Places (Luna Vocal),3
Gary Maguire,When And Why (Original Mix),0
Simon Patterson,Opulence (Original Mix),0
Everything But The Girl,Missing,49
Armin van Buuren Feat. Justine Suissa,Burned With Desire (Rising Star Vocal Mix),37
Lucas & Beltram,Trust Me (Ava Mea Remix),2
The Thrillseekers Ft. Stine Grove ,Anywhere With You (Solarstone Pure Mix),32
Riva,For How Long (Original Mix),0
The Space Brothers,Everywhere I Go (Paul van Dyk Rework),0
Armin van Buuren vs Human Resource,Dominator (Extended Mix),0
Scissor Sisters,Fire With Fire,42
3 Doors Down,Here Without You (Alexander Holsten Remix),0
Midnight Oil,Beds Are Burning,71
The Killers,Midnight Show,46
Ronski Speed Feat. Sir Adrian vs Rex Mundi,The Perspective Space (Markus Schulz Mashup),0
Gareth Emery & Standerwick Ft. Haliene,Saving Light (NWYR Remix),0
Paul Johnson,Get Get Down (Original Extended Mix),34
Glasvegas,"Fuck You, It's Over",4
Alesso & Deniz Koyu,TIME (Alesso & Deniz Koyu Remix),0
Khruangbin,August 10,55
Simon Patterson,Beyond (Extended Mix),5
Thomas Bronzwaer,Shadow World (Original Mix),9
The Prodigy,Out Of Space (Original Mix),0
Tears For Fears,Shout,71
Rihanna,Bitch Better Have My Money (R3Hab Remix),43
Otto Knows,Million Voices (Original Mix),43
Bryan Adams,(Everything I Do) I Do It For You,63
Queen,I Want To Break Free,62
Robert Gitelman,Children Of The Sun ,11
Sebastian Brandt,Serenade (Original Mix),0
Ashley Wallbridge,Masquerade (Original Mix),0
David Guetta & Showtek Feat. Magic! & Sonny Wilson,Sun Goes Down (Extended Mix),0
Orjan,Arctic Globe,0
Armin van Buuren,Sail,32
Arctic Quest,Offbeat,0
Martin Garrix,Animals (Broning Bootleg) ,0
Plumb,Need You Now (How Many Times) (Bryan Kearney Remix),28
Bruce Springsteen,Born In The U.S.A.,72
Pirates Of The Caribbean,He's A Pirate (Tiësto Remix),0
Rising Star,Clear Blue Moon,0
Will Atkinson,Awake(Waio Remix),0
Jan Oostdyk,Eivissa Eivissa (Original Mix),0
Tritonal,Suede (Stoneface & Terminal Remix),3
Andrew Bennett & Rico Soarez Feat Jenry,Light Of Hope (Original Mix),0
Dance 2 Trance,We Came In Peace ,20
Rank 1,Airwave (Original Mix),32
Dave202,Pictures In My Mind (Original Mix),0
Man With No Name,Sugar Rush (Refined Mix),23
La Casa Azul,El Momento,47
Armin van Buuren,Sunburn (Original Mix),0
Adam Nickey pres. Blue 8,Eleventh Street (Suncatcher Remix),13
Jonas Steur,Silent Waves ,28
Cygnus X,Superstring (Rank 1 Remix),24
Faruk Sabanci & Truby,Leaving Ankara (Original Mix),1
The Doppler Effect,Beauty Hides In The Deep (John O'Callaghan Remix),9
Elton John,Sacrifice,73
Paul van Dyk,Travelling,16
Ronski Speed With Stoneface & Terminal,Incognition (Club Mix),0
Tilt,I Dream (Casa De Angeles Mix),8
Kamaya Painters,Wasteland (DJ Hitch Hiker Remix),6
Menno de Jong,Tundra (Fierce Dub),25
Guru Josh Project,Infinity 2008 (Klaas Vocal Edit),73
tyDi,Amazing,0
M.I.K.E.,Turn Out The Lights (Original Version),0
John O'Callaghan,Broken,0
Matisyahu,Searchin,27
DJ Cyber ,Marco Antonio (Original Mix),0
Metric,Speed The Collapse,44
Armin van Buuren & Shapov,"Let's Rave, Make Love (Extended Mix)",13
Andain,Beautiful Things (Gabriel & Dresden Unplugged Mix),32
Airscape,L'Esperanza (Armin van Buuren's Rising Star Mix),16
Greg Downey,Knight Moves (Original Mix),0
Mauro Picotto,Proximus (Megavoices Claxixx Mix),6
David Bowie,"""Heroes""",38
Nicky Romero Vs. Krewella,Legacy (Vicetone Remix),0
The Servant,Cells (Instrumental),0
Sam Sharp,Roundabout (Simon Patterson Remix),0
DJ Eco,Light At The End (Lost World Remix),6
Afrojack,Rock The House (Original Mix),0
David Guetta Feat. Kid Cudi,Memories,2
Orchestral Manoeuvres In The Dark,Walking On The Milky Way,41
Madness,It Must Be Love,54
Afrojack & David Guetta ft. Ester Dean,Another Life (Radio Mix),0
NWYR,Dragon,34
Coldplay,Clocks,81
Lord Of Tranz feat. DJ Hoxider,Sanctificium (Original Mix),0
OceanLab,Miracle (Above  Beyond Club Mix),13
First & André,Widescreen (Original Mix),7
The Chainsmokers feat. Daya,Don't Let Me Down (W&W Remix),53
Moogwai,The Labyrinth (Part One),4
Andain,Beautiful things (Fady & Mina Remix),11
Rank 1 & Jochen Miller,And Then..,6
Roger Shah & Signum,Healesville Sanctuary (Signum Mix),17
Glasvegas,A Snowflake Fell (And It Felt Like A Kiss),5
Gary Maguire,Standing Still (Original Mix),0
The Police,Wrapped Around Your Finger,61
Linkin Park,Breaking The Habit,66
Arcade Fire,Rebellion (Lies),62
Philippe El Sisi,Witness,0
Giuseppe Ottaviani,Through Your Eyes (Original Mix),15
Bryan Adams,Summer Of '69,81
Adam White feat. Martin Grech,Ballerina,0
Darude,My Game (Original Radio Edit),0
Easton Corbin ,Are You With Me (Lost Frequencies Remix),0
The Chainsmokers ft. Kelsea Ballerini,This Feeling (Tim Gunter Remix),0
Rockwell,Somebody's Watching Me,56
Astrix,High On Mel ,23
Accadia,Into The Dawn (James Holden Mix),10
Ron van den Beuken,Timeless (Ron van den Beuken Remix),0
OceanLab,Satellite (Original Above & Beyond Mix),16
Alan Walker vs Coldplay,Hymn For The Weekend (Remix),0
Mike Foyle,Shipwrecked (John O'Callaghan vs. Mike Foyle Club Mix),15
Duke Dumont,Ocean Drive (Original Mix) ,0
Com!ng Soon,Become One (Interactive Noise Remix),27
Armin van Buuren & Billen Ted,Come Around Again (Club Mix),55
The Chainsmokers,Everybody Hates Me (Bkaye Remix),57
Arctic Monkeys,When the Sun Goes Down,61
Mr. Mister,Broken Wings,69
Dimitri Vegas & Like Mike,Stay A While ,27
Above & Beyond,Anjunabeach (Original Mix),17
Justice,Genesis,57
Armin van Buuren,Blue Fear,33
O'Callaghan & Kearney,Exactly (Original Mix),0
Jax Jones & Martin Solveig & Madison Beer,All Day And Night,0
Mark Leanings,Dropshot (Original Dub Mix),0
Jonas Blue & Mark Villa,In Your Arms Tonight,43
Vincent de Moor,Flowtation,24
Rex Mundi,Valley Of Dreams,6
Airscape,Pacific Melody,0
Simon Patterson,New Life,0
A. Matsumoto & DJ Yoshi,Dreamer (Luke Chable Remix),0
Derek & The Dominos,Layla,73
Sesto Sento,Game Of Thrones,0
Simon O'Shine,Wuthering Heights (Original Mix),17
Greg Downey,Vivid Intent (Original Mix),4
Rex Mundi,Mence (Original Mix),0
The Killers,Everything Will Be Alright,45
Armin van Buuren,Lifting You Higher (Blasterjaxx Extended Remix),12
Depeche Mode,Personal Jesus,56
Jochen Miller,India (Miller Dub),1
Claire,Broken Promise Land,0
Fais Ft. Afrojack,Hey,0
Fluctor,Coliseum (Manuel Le Saux Remix),1
Seinabo Sey,Younger (Kygo Remix),62
3rd Moon,Monsun,0
Armin van Buuren Featuring Ray Wilson,Yet Another Day (Original Mix),19
Kungs,Lipstick (Extended),33
Alex M.O.R.P.H.,Walk The Edge (Alex M.O.R.P.H. B2B Woody van Eyden Vocal Mix),22
KayCee,Millenium Stringz,0
A Boy Called Joni,"Green Astronauts (Original 12"" Version)",8
Oasis,Wonderwall,76
Inertia,The Emerald (Original Mix),3
Orion,See Me Here (Darren Tate's Beachcomber Vocal Mix),0
Avalon,Funky Voodoo (Captain Hook Rmx),8
Tiësto,Athena,27
The Doppler Effect,Beauty Hides In The Deep (The Blizzard Intro Mix),4
Estuera,Travels,3
Dirty South & Those Usual Suspects Featuring Erik Hecht,Walking Alone,0
System F feat. Armin van Buuren,Exhale,0
Paul Webster Feat. Angelic Amanda,Time (Sean Tyas Dub Mix),0
Mathew Jonson,Decompression,12
Ecano,Run (Z2 Mix),0
OneRepublic,Counting Stars,77
Lost Frequencies feat. Axel Ehnström,All Or Nothing (Deluxe 2.0),0
Ernesto vs. Bastian,Thrill (Original Mix),17
Delerium,Innocente (Paul Denton & Alex Ryan Rework),1
Tom Colontonio,Induction,0
Mr Sam vs. Fred Baker Present As One,Forever Waiting (Original Mix),0
Sigur Rós,Hoppípolla,46
Bjorn Akesson,Sandcastle Express (Original Mix),2
The Police,Can't Stand Losing You,61
Nick Callaghan & Will Atkinson,Volare Via (Original Mix),1
Underworld,Born Slippy (Nuxx),65
M-Clan,Llamando A La Tierra,0
Keane,Is It Any Wonder?,59
Ballroom,Passenger (Marc O'Tool Remix),9
Soundlift,Live From Above (Original Mix),0
EMF,Unbelievable,63
Ralph Fridge,Angel (Club Mix),34
Guru Josh Project,Infinity 2008  (Klaas Remix),42
Signum,Harmonic (Original Mix),7
UB40,Kingston Town,51
The Visions Of Shiva,Perfect Day,0
Way Out West,Ajare,0
Jeremy Soule,Dragonborn,59
Neelix,Wherever You Are (Original Mix),0
Interactive Noise,Just Be Crazy,3
Inertia,The Chamber (Original Mix),12
Imagine Dragons,Warriors,67
Sasha/Emerson,Scorchio (Full Length Version),0
Virus,Sun (Jam El Mar Mix),0
The Cranberries,Dreams,75
Activa,Transmission (Original Mix),0
Armin van Buuren feat. Racoon,Love You More (Vocal Mix),6
The Byrds,Mr. Tambourine Man,63
Calvin Harris + Disciples,How Deep Is Your Love (Calvin Harris & R3hab Remix),44
Armin van Buuren,Shivers (Alex M.O.R.P.H. Red Light Dub),25
Kamaya Painters,Summerbreeze (Original Mix),0
Lost Frequencies,Selfish Love,10
Dustin Zahn,Stranger (To Stability) (Len Faki Podium Mix) ,34
Cartel,Buenos Aires,0
Sting,Fields Of Gold,72
Matt Darey Presents DSP,From Russia With Love (Original Matt Darey Mix),0
BT,Dreaming (Lucid 12' Club Mix),21
SoundLift,Horizonte (Original Mix),0
Adam Nickey,In Motion (Andy Blueman Remix),0
Nu NRG,Bonsai,0
Gareth Emery,This Is That (Original Mix),0
Delerium feat. Sarah McLachlan,Silence (DJ Tiësto's in Search Of Sunrise Remix),0
DJ Tiësto,Flight 643 (Original Mix),0
Aly & Fila vs. Bjorn Akesson,Perfect Red,0
Martin Garrix & Troye Sivan,There For You (Madison Mars Extended Remix),0
Global Illumination,Tremble (Original Mix),4
Tiësto,Forever Today,39
Will Atkinson,Dusk,0
Kiesza,Hideaway,52
Solarstone & Clare Stagg,The Spell (Solarstone Pure Mix),0
Sean Tyas,Drop (Original Mix),12
Ralphie B,Massive (Original Mix),3
Ben Gold feat. Senadee,Today (Original Mix),1
Cut Copy,Need You Now,40
Muse,Exo-Politics,48
Ed Sheeran,Bad Habits (Luminus Remix),0
The Chainsmokers & NGHTMRE,Save Yourself,0
Spoiled & Zigo,More & More (Instrumental Mix),14
Alex M.O.R.P.H. & Rank 1,Life Less Ordinary (A Less Ordinary Rank 1 Mix),0
Depeche Mode,Going Backwards (Solomun Remix Radio Version),15
Above & Beyond,Sun in Your Eyes (Neptune Project Remix),0
Bronski Beat,Smalltown Boy,73
Harmonic Rush,The Dark Side Of Persia (Ahmed Romel Remix),5
Fictivision vs. C-Quence,Symbols,0
Simon Patterson,Thump (Original Mix),2
Syn Cole,Miami 82 (Kygo Remix),50
Filo & Peri Feat. Fisher ,Closer Now (Whiteroom Remix) ,0
Feder Ft. Lyse ,Goodbye,0
Arksun,Arisen (Original Mix),20
The Royal Concept,Goldrushed,41
Muse,Hysteria,72
The Weeknd,Take My Breath,0
Major Lazer x DJ Snake,Lean On (KLYMVX Ft. Emma Heesters Remix),0
Deepend,I'm Intoxicated (Extended Mix),0
Fisher,Losing It (Extended Mix),0
Los Rodriguez,Sin Documentos,62
John O'Callaghan,Psychic Sensor (Indecent Noise Remix),0
1200 Micrograms,The Creation,15
Tiësto,Adagio for Strings,26
Eric Prydz,Opus (Four Tet Remix),37
Push,The Legacy (Club Mix),35
George Michael,Careless Whisper,79
The Vaccines,Handsome,41
Sven Väth,L'Esperanza (Hope Will Move Mountains Mix) ,12
Kasabian,L.S.F. (Lost Souls Forever),17
Tiësto Featuring Christian Burns,In The Dark (Pedro Del Mar & Beatsole Remix),0
Leon Bolier,Ocean Drive Boulevard (Original Mix),25
Avicii,The Nights ,85
Coldplay,Speed of Sound,71
Gareth Emery,Global (Freedom Music Mix),7
A & Z,Invocation (Original Mix),1
Bjorn Akesson,Painting Pyramids (Original Mix),15
Bryan Kearney,Wake Up Call (Original Mix),7
Orjan,Arctic Globe (W&W Remix),2
Gaia,Tuvan (Andy Blueman Remix),0
Solarstone,4Ever,8
Electronic,Getting Away With It,45
The Chainsmokers,Young,59
John Askew,Plush,0
M.I.D.O.R. vs Linn,Breathing (Prgz Mix),0
Swedish House Mafia vs Knife Party,Antidote,0
Rank 1,It's Up To You (Symsonic Mix),3
Cut Copy,Hearts On Fire,48
Gareth Emery,U (Bryan Kearney Remix),22
Tritonal & Sibicky,Suzu (Original Mix),1
Kygo & Imagine Dragons,Born To Be Yours (Original Mix),0
Linkin Park,Crawling,77
Hailee Steinfeld & Alesso Ft. Florida Georgia Line & Watt,Let Me Go ,0
Ed Sheeran,Perfect (Robin Schulz Remix),42
Cape Town,Cinema (Ferry Tayle's Universal Language Remix),0
Paul van Dyk,Words (For Love),19
The Digital Blonde,Electra,15
Delerium,Send Me An Angel (Andy Moor Remix),8
Hammock Brothers,Earth,7
Andrew Bennett,Break Away (Martin Roth NuStyle Remix),0
The Killers,On Top,49
Ozone,Rock (Original Mix),0
Coldplay Vs. Swedish House Mafia,Every Teardrop Is a Waterfall,0
New Order,Temptation,54
Riva,Stringer,12
York,The Awakening (Quake Remix),11
Quivver,Believe In Me (Original Q Mix),0
Ram Jam,Black Betty,70
David Guetta vs. The Egg,Love Don't Let Me Go (Walking Away),0
Phil Collins,Two Hearts,63
Depeche Mode,Useless,27
Andrew Rayel,550 Senta (Aether Mix),19
Amy MacDonald,This Is The Life,46
Macklemore & Ryan Lewis,Thrift Shop,77
Calum Scott,Dancing On My Own (Tiësto Remix),0
O.T. Genasis,CoCo (MAKJ Remix),30
Lighthouse Family,Lifted,0
Orkidea,Purity (Sneijder Remix),10
Josh Gabriel pres. Winter Kills,Deep Down (Original Mix),0
Simon Patterson,Whites Of Her Eyes (Original Mix),5
Svenson & Gielen ,Twisted (Original Mix),25
Whiteroom feat. Amy Cooper,Someday (Original Mix),0
John Barry,You Only Live Twice,36
Years & Years,King,60
The Blizzard,Kalopsia (Original Club Mix),14
Sean Tyas,I Remember Now (Original Mix),2
Armin van Buuren,Communication (John Askew Remix),1
Andy Ling,Fixation (Original),3
Dash Berlin,Till The Sky Falls Down (Dub Mix),21
Simon Patterson & Blazer,Contraband (Simon Patterson Remix),0
John Askew,Torture Chamber ,2
Kyau vs. Albert,Made Of Sun (KvA Hard Dub),25
Askew & O'Callaghan,Game Over (Ian Betts Remix),0
OceanLab,Beautiful Together (Signum Remix),0
Airscape,Amazon Chant (Never Ending Original Mix),0
Lange & Andy Moor,Stadium Four (Original Mix),0
Nalin & Kane,Beachball (Myon & Shane 54 Remix),0
Childish Gambino,Feels Like Summer,69
Jaytech,Delta (Proff Remix),1
Travis,Side,61
Muse,Resistance,61
Major League,Wonder Where You Are?,2
Kamaya Painters,Endless Wave,28
Tiësto & Mike Williams,I Want You (Extended Mix),0
Dogzilla,Without You (Will Atkinson Extended Remix),8
30 Seconds To Mars,Attack,0
Paul Webster,The Wolf,0
Akesson,Without You (Original Mix),3
Ava Max,Sweet But Psycho (Morgan Page Radio Edit),0
Paul van Dyk Feat. Saint Etienne,Tell Me Why (The Riddle) (PVD Mix),0
Imagine Dragons,Demons,74
a-ha,Take On Me (Kygo Remix),53
Phil Collins,Son Of Man,56
Plastic Boy,Silver Bath (Original Mix),8
Nico & Vinz,Am I Wrong (W&W Remix) (The Imperators Extended Edit),0
Alan Walker,Sing Me To Sleep,64
The Strokes,Last Nite,65
The Police,Next To You,53
Solar Stone vs. Scott Bond,3rd Earth (Original Mix),0
Years & Years,Shine,47
Simon Patterson,Apex (Original Mix),6
Armin van Buuren,Rush Hour,17
Cartoon,On & On,73
Active Sight,The Search For Freedom ,19
The Vaccines,Dream Lover,38
Anjunabeats,Volume One (Above & Beyond Remix),9
Astral Projection,Aurora Borealis,18
Miss Caffeina,Oh Long Johnson,41
Armin van Buuren,Song For The Ocean (Instrumental),5
Sarah Mclachlan ,Fallen (Gabriel & Dresden Anti Gravity Mix),13
Ferry Corsten,Fire,38
Paul van Dyk,Autumn,0
Sinéad O'Connor,Troy (Push Remix),0
The Stone Roses,Fools Gold,59
The Ambush,Everlast,9
Ummet Ozcan,Trinity,10
Jonas Blue Ft. Jack & Jack ,	Rise (Original Version),0
Paul van Dyk,Step Right On!,10
Rio Addicts,Crossroads (Original) ,4
Plastic Boy,Live Another Life,10
Imany feat Filatov & Karas,Don't Be So Shy (Extended Mix),0
Cloudchaser,Aerodynamic (Alphazone Remix),0
Avicii,Addicted To You,71
Aalto,Rush (Super8 vs. Orkidea Remix),12
The Prodigy,No Good (Start The Dance),36
Justin Quiles & Robin Schulz,AEIOU,3
Mazzy Star,Into Dust (John O'Callaghan Deep Dream Remix),0
Supercar,Storywriter,0
Amoeba Assassin,Piledriver (Grayed Out Summer Mix),0
Sean Tyas,Mirella,0
Tom Colontonio,Nighthawk,0
Chicane,Sunstroke (Disco Citizens Remix),8
Nu NRG,Dreamland (Original Mix),0
Kungs,Clap Your Hands,0
Simon Patterson,Latika,6
Dimitri Vegas & Like Mike feat. Pendulum,The Island (Dimitri Vegas & Like Mike Mashup/Timmy Turner Eit),0
Simon Bostock,Human Nature,0
Libra Presents Taylor,"Anomaly - Calling Your Name (Ferry Corsten 12"" Remix)",28
Solarstone & Orkidea,Slowmotion (French Renaissance Mix),0
Lemon & Einar K,Anticipation,13
Will Atkinson,Isolator,9
KC & The Sunshine Band,"(Shake, Shake, Shake) Shake Your Booty",55
Filo & Peri,Elevation,1
Airbase,One Tear Away (Original Mix),0
Peter Martijn Wijnia vs. Roger Shah,Not the End vs.Who Will Find Me (Armin van Buuren Mash Up),0
AMbassador,The Fade (Fade Remix),1
The Chainsmokers,#Selfie (Botnek Remix),35
Genesis,Invisible Touch,60
Arctic Monkeys,Do I Wanna Know?,86
Roger Shah Feat. Chris Jones,To The Sky (Club Mix),0
Medway,Resurrection ,10
Mark Otten,So Serene (Menno De Jong's Heading South Dub),14
Luminary,Amsterdam (Smith & Pledger Remix),35
Dire Straits,Money For Nothing,63
Marcel Woods,Advanced (Original Mix),23
Markus Schulz,You Won't See Me Cry (Deepsky's Desert Farewell Mix),7
John O'Callaghan & Giuseppe Ottaviani,Liquid Fire (Original Mix),4
R.E.M.,Boy In The Well,24
W&W And Groove Coverage,God Is A Girl,0
Nick Sentience feat. Charlie Bradley,Affinity (Original Mix),0
Siberian Sun,Frostbite (Fred Baker Remix),0
Nick Callaghan & Craig Meichan,Rectify (Original Mix),0
Angry Man,After Dawn (Original Mix),0
John Newman,Come And Get It (Tobtok Remix),0
David West Ft. Andreas Hermansson,Larry Mountains 54 (Original Mix),0
Enya,Orinoco Flow (Sail Away),45
Stenna,Skyline (Arizona Remix),0
Queen,You're My Best Friend,31
Imagine Dragons,Radioactive,72
Adam Nickey,Callista,0
Andy Moor & Orkidea,Orbithing,32
OneRepublic,Good Life,0
Samara,Verano (Fast Distance Uplifting Mix),0
Ferry Corsten,Indigo (Original Mix),0
Mr. Sam,Lyteo (Rank 1 Remix),11
Max Graham,Does She Know Yet?,2
Midway,Monkey Forest,13
Fabio XB & Andrea Mazza,Light To Lies (Gareth Emery Mix),0
Com!ng Soon!!!,Wait For It,0
The Killers,Read My Mind,69
Sean Tyas,Melbourne (Original Mix),12
Ian Betts,False Gods,0
Dave Gahan,Dirty Sticky Floors (Junkie XL Vocal Remix),4
DVBBS & Borgeous ‎,Tsunami ,0
Pistolero,Pistolero (Astrix Remix),0
Peter Martin Presents Anthanasia,Perfect Wave (Original),0
Digital Blues,Digital Blues,0
C-Quence vs. Fictivision,Symbols (Will Atkinson 5000 Remix),0
Gustavo Santaolalla,The Last Of Us,67
Massive Attack,Angel,62
Axwell /\ Ingrosso,Sun Is Shining ,67
Will Atkinson,Watch Out (Original Mix),0
Modjo,Lady (Hear Me Tonight) (Roy's Universal Soldiers Mix),0
Super8,Get Off (Original Mix),8
The Verve,Bittersweet Symphony,0
Nick Rowland,Galactica,0
Mike Foyle vs. Signalrunners,Love Theme Dusk (Signalrunners Sunrise Mix),0
Aly & Fila,Lost Language (Original Mix),8
Plastic Boy,Chocolate Infusion,0
Aly & Fila ft. Karim Youssef,Laily (Photographer Remix),0
Breeder,The Chain (Babealicious Mix),11
Neelix & Phaxe,Angels Of Destruction (Neelix Remix),0
Aitor Ronda,Bolaian Buyaka (Reaky Remix),0
First State feat. Anita Kelsey,Falling (Extended Mix),0
Sander van Doorn,The Bass (Original Mix),0
Jody Wisternoff,Nostalgia (Remix),10
Ennio Morricone,The Mission,53
Starparty,I'm In Love (Ferry Corsten & Robert Smit Remix),21
Holden,A Break In The Clouds (Main Mix),15
The Weeknd,Wicked Games,68
Pat Benatar,We Belong,67
Ahmed Romel,Yarden (Original Mix),9
4 Strings,Take Me Away (Purple Haze Remix),7
Allure,We Ran At Dawn,8
Airwave vs. Rising Star,Sunspot (DCML Mix),0
3 Doors Down,Here Without You (Sonik & Gon Haziri Remix),0
The Killers,Believe Me Natalie,46
Counting Crows,Accidentally In Love,64
Las Salinas & Sue McLaren,Break The Spell (Bryan Kearney Remix),1
Paul van Dyk,Another Way (Club Mix),14
John Askew,Vandalism,0
John Newman,Love Me Again,66
Three Drives,Greece 2000,57
Jo Micali,Euphoria (Original Mix),0
Joe Garrett,Afterglow (Temple One Mix),1
Supertramp,Give a Little Bit,74
Robin Schulz Feat. Francesco Yates ‎,Sugar ,0
Dogzilla,Your Eyes (Original Mix),1
Funabashi,Daylight,1
Andy Moor vs. Orkidea,YearZero (Andy Moor's First Light Mix),0
James Blunt,High,56
Moonman,Don't Be Afraid (Original Mix),0
Ashley Wallbridge feat. Meighan Nealon,My Blood (Original Mix),0
Martin Garrix Feat. John & Michel,Now That I've Found You,0
Andy Moor,Halcyon,3
Selu Vibra,Stargazing (Original Mix),9
Simon Patterson,Strip Search,0
Andy Blueman,Time To Rest (Daniel Kandi Bangin' Mix),0
Alan Walker,Alone (Original Mix),0
The Vaccines,If You Wanna,63
Nathan Fake,The Sky Was Pink (Holden Remix) ,40
Active Sight,Out Of Our Lives ,15
Sebastian Brandt,450 (Original Mix),8
1200 Micrograms,Mescaline (Astrix Remix),20
Omnia & IRA,The Fusion (Original Mix),6
Drake,Hotline Bling,77
Imagine Dragons,On Top Of The World,68
Steve Bengaln,Source Of Light (Philippe El Sisi vs. Rey Remix),0
The Killers,Mr. Brightside,84
Alan Walker feat. Gavin James,Tired (Kygo Remix),0
Purple Haze,Hymn 2.0,0
Lukas Graham,7 Years,79
Envio,Time To Say Goodbye (Original Mix),5
Filterheadz,Yimanya (Original Mix),4
O'Callaghan & Kearney,Restricted Motion (Airbase Remix),0
Fabio XB feat. Micky Vi,Make This Your Day (Gareth Emery Dub Mix),0
Orjan Nilsen,Agnus,0
Armin van Buuren,Together (In A State Of Trance) (Bryan Kearney Remix),1
Mannix vs. Kaymak,World Gone Mad (Original Mix),0
Orjan Nilsen,So Long Radio (Original Mix),2
Tenth Planet,Ghosts (Original Club Vocal),11
The Chainsmokers & Coldplay,Something Just Like This,73
Khruangbin,People Everywhere (Still Alive),67
Mark Otten,Mushroom Therapy (Lightscape Mix),6
Andy Blueman,Nyctalopia (Onova Remix),1
New Order,Subculture,0
Vangelis,Conquest Of Paradise,0
U2,Sunday Bloody Sunday,71
Kyla La Grange,Cut Your Teeth (Kygo Remix),57
Simple Minds,Belfast Child,42
Muse,Sunburn,59
Tiësto,Euphoria,27
Lange vs. Gareth Emery,"Another You, Another Me",0
Green Day,Wake Me Up When September Ends,76
Kasabian,Club Foot,60
Andy Moor & Carrie Skipper,So Much More (Original Mix),0
Jochen Miller,Brace Yourself (Extended Mix),13
Mike Foyle,Bittersweet Nightshade (Markus Schulz Return To Coldharbour Remix),4
Transa,Supernova,21
Rapha,Pandora (Daniel Kandi's Emotional Mix),0
Sunlounger,White Sand (DJ Shah's Original Mix),26
The Space Brothers,Heaven Will Come (Lange Vocal Mix),26
The Killers,Human,74
Simon Patterson,Bulldozer,12
Chakra,Home (Original Mix),21
DJ Tiësto,Close To You,0
Conjure One feat. Sinéad O'Connor,Tears From the Moon (Tiesto's in Search of Sunrise Remix),0
Jan Johnston,Am I On Pause (Trailer Trash Main Vocal Mix),2
Neal Scarborough,Stung On The River (Sean Tyas Remix),1
Gerry Rafferty,Baker Street,67
Denzil & Dwayne,Force Of Habit (Armin van Buuren's Rising Star Mix),8
Glasvegas,Geraldine,47
The Advent & Industrialyzer,Complex Data,4
Manic Street Preachers,Your Love Alone Is Not Enough,51
Jakubi,Can't Afford It All (Kygo Remix),0
Alesso Ft. Matthew Koma,Years (Vocal Extended Mix),0
Andy Blueman,Everlasting (Emotional Mix),5
Marco Torrance feat. Tiff Lacey,Free Of Fear (Philippe El Sisi vs. Rey Remix),0
Leon Bolier Presents Surpresa,Poseidon,0
Danilo Ercole,Player One (Gai Barone Remix),1
Mike NRG,Lost In Dreams,19
Nu NRG,Universe,0
Chris de Burgh,The Lady In Red,75
Asia,Heat Of The Moment,70
Lisa Miskovsky,Still Alive (Paul van Dyk Mix),4
Armin van Buuren,Communication Part 3 (Original Mix),11
Dash Berlin Feat Roxanne Emery,Shelter (Photographer Remix),0
Phil Collins,You'll Be In My Heart (Phil Version),69
Avicii,Addicted to You,71
Terry Bones vs. Fred Baker pres. Water Planet,Introspection (John Askew Mix),0
Astrix & Simon Patterson,Shadows (Original Mix),0
Muse,Map of the Problematique,58
Sunlounger feat. Zara,Lost (Will Atkinson Extended Remix),0
The Prodigy,Omen,59
Arctic Moon,Starships Over Alice (Paul Webster Remix),8
Mannix,Mercury (Original Mix),0
Daniel Powter,Bad Day,75
Simon Patterson,Different Feeling (McAree & Clancy Remix),0
Céline Dion,My Heart Will Go On,0
Jordan Suckley & Eddie Bitar,Centipede (Original Mix),0
iiO,Rapture (Riva Remix),27
Tiësto,Magikal Circus (Original Version),0
Aly & Fila vs Sneijder,Full Throttle (Extended Mix),3
Crystal Fighters,Love Natural,40
Da Hool,Meet Her At The Love Parade (Nalin & Kane Mix),40
Girls Only,Blank Space (Sub Phonix Remix Edit),0
Delorean,Deli,32
Depeche Mode,Just Can't Get Enough,63
W&W,Caribbean Rave (Extended Mix),18
Brainbug,Nightmare (Sinister Strings Mix),34
Daft Punk,Harder Better Faster Stronger (Alive 2007) (Extended),34
John Askew,The Witch (Original Mix),9
BT,Remember,37
Com!ng Soon,Make It Work ,0
Arizona vs. Suzy Solar,Samurai (Original Mix),0
Tiësto,Nyana,36
Svenson & Gielen,The Beauty Of Silence (Original Extended),22
Nick Sentience,Electrify (Uplifting Mix),1
Bon Jovi,You Give Love a Bad Name,81
Paul van Dyk,Columbia (PvD Remix),5
The Weeknd,Can't Feel My Face (Martin Garrix Club Mix),0
Calvin Harris,"
Feel So Close (Radio Edit)",79
Tastexperience,Summersault (Original Mix),27
Simon Patterson Feat. Matt Adey,Time Stood Still (Original Mix),0
Easy Riders & Captain Hook,Imagination of Ourselves,0
Hoobastank,The Reason,80
Indecent Noise pres. Mental Asylum,Gambit,0
Muse,Muscle Museum,56
Crystal Fighters,Plage,31
Astrix,Liquid Gold (Original Mix),0
Moby,Why Does My Heart Feel So Bad? (Ferry Corsten Remix),10
Ellie Goulding,High For This (Kygo remix),0
Robyn,Hang with Me (Avicii's Exclusive Club Mix),0
Paul van Dyk,Connected (Motomix 05),9
Fedde Le Grand & Vince Freeman,Devils,0
Phaxe,Disturbed ,15
Rolling Stones,Satisfaction,0
The Realm,Lost In Space (Space Brothers Remix),1
U2,New Year's Day,63
Simple Minds,Don't You (Forget About Me),75
Coldplay,Fix you,0
St. John vs Locust,Mind Circles (Original Mix),0
The Police,Every Breath You Take,85
Bjorn Akesson,Hello Space (Original Mix),0
The Killers,Smile Like You Mean It,66
Plastic Boy,Twixt,0
T.Rex,Get It On,0
Tiësto feat. BT,Love Comes Again,0
Astral Projection,Kabalah,27
Safri Duo,Played-A-Live (NWYR & Willem De Roo Remix),0
–David Guetta & Avicii,Sunshine,41
Andy Moor And Adam White Present Whiteroom,The White Room,0
Danny Ocean,Me Rehúso,80
The Alan Parsons Project,Eye In The Sky,71
John Askew,The Witch (Sensualise Remix),1
The Police,Message In A Bottle,75
Fedde Le Grand & Melo.Kids,Losing Control,36
Electrique Boutique,Revelation (Ferry Corsten Remix),9
5SOS,Youngblood,0
Pendulum,The Other Side,41
Wirefly,The Verdict (Original Mix),0
Estuera,Tales From The South,7
Interstate,Remember Me (Terry Bones Remix),8
Ferry Tayle,Revanche (Luminosity Anthem Mix),2
David A. Stewart Featuring Candy Dulfer,Lily Was Here,0
Banco de Gaia,Last Train to Lhasa ,34
Prides,I Should Know You Better (Grum Remix),9
Cosmic Gate,Exploration Of Space (Extended Mix),32
Sean Tyas,Lift (Original Mix),13
Delerium Featuring Leigh Nash,Innocente (Falling In Love) (Mr Sam's The Space Between Us Remix),0
Genesis,Land Of Confusion,54
R.E.M.,Man on the Moon,67
Midway,Amazon (Ferry Tayle & Stephan R 2009 Universal Language Mix),0
DJ Cor Fijneman feat. Jan Johnston,Venus (Tiësto Remix),0
Aria,Dido (Armin van Buuren's Universal Religion Mix),15
Plastic Bertrand,Ça Plane Pour Moi,63
Menno de Jong feat. Re:Locate,Solid State (Gareth Emery Remix),2
Eon,Pocket Damage (Original Mix),0
Darude feat. Blake Lewis,I Ran (Gareth Emery Remix),0
Kygo feat. Kodaline,Raging,0
Terry Ferminal & Jonas Stenberg,"A Thousand Miles, Memories (Gareth Emery Edit)",0
Muse,Assassin,55
Nu NRG,Le Mirage,0
24,The Longest Day (Armin van Buuren Remix),0
Simon Patterson,Kick Bass Acid Loud (Extended Mix),0
Greg Downey,From Above,1
Luminary,My World (Andy Moor Remix),11
Sarah McLachlan,Fear (Hybrid's Super Collider Mix),16
Myon & Shane 54 feat. Carrie Skipper,Vampire (Gareth Emery's Garuda Remix),0
Mike Koglin,The Silence (Tekara Mix),11
Kamaya Painters,Northern Spirit ,15
DJ Tiësto Featuring Nicola Hitchcock,In My Memory (Gabriel & Dresden Elephant Memory Vocal),0
Enrico Sangiuliano,Symbiosis (Original Mix),0
Rapha & Reminder,Beyond The Clouds (Daniel Kandi's 147 Club Mix),0
The Streets,Blinded By The Lights (Bryan Kearney's Passion NYE Intro),0
Polymental,Chapter One (Mark Sherry's Outburst Remix),0
Tilt vs. Paul van Dyk,Rendezvous (Quadraphonic Mix),0
The Farm,All Together Now,29
Under Sun vs. Signum,Captured (Sebastian Brandt Remix),2
The Chevin,Champion,40
Galantis,No Money,67
Simon Patterson,Smack (Waio Remix),26
Nu NRG,Supersonik Way,0
Swedish House Mafia feat. John Martin,Don't You Worry Child (Radio Edit),0
Andy Moor vs M.I.K.E.,Spirit's Pulse (Original Mix),0
The Dandy Warhols,Bohemian Like You,68
Kygo x Tina Turner,What's Love Got To Do With It,0
Gouryella,Gouryella,47
Mark Ronson featuring Simon Le Bon & Wiley,Record Collection,0
Albion,Air 2000 (Ferry Corsten's Open Air Remix),10
Meduza Vs Supermode,Tell Me Why You Lose Control (Djs From Mars vs Prezioso Bootleg),0
Darth & Vader,Return Of The Jedi (Interactive Noise Rmx),26
Robbie Williams,Feel,72
Dreas pres. Havannah,Havannah (Original Mix),0
John O'Callaghan & Thomas Bronzwaer,Stargazer (Mark Leanings Remix),0
Solarstone + ClareStagg,Jewel (Daniel Kandi's Emotive Mix),9
Muse,Knights Of Cydonia,68
Vampire Weekend,Worship You,45
Scorpions,Still Loving You,72
Orkidea,Beautiful (Alt+F4 Remix),18
Rank 1 Featuring Shanokee,Such Is Life (Extended Version),0
Florence + The Machine,"No Light, No Light",48
Paul van Dyk,Movement,3
New Order,Confusion,37
Blur,Song 2,67
Chakra,Love Shines Through (Original Mix),23
Tomaz vs Filterheadz,Sunshine,0
Orjan Nilsen,Go Fast!,10
Cardigans,My Favourite Game,67
Mash Up,Liberation (Ferry Corsten Remix),0
Snow Patrol,Chasing Cars (Topher Jones & Blake Jarrell Remix),0
Giuseppe Ottaviani,Linking People,28
Glasvegas,It's My Own Cheating Heart That Makes Me Cry,35
Indecent Noise pres. Mental Asylum,Trauma,0
Members Of Mayday,10 In 01 (Paul van Dyk Club Mix),17
The Future Sound Of London,"Papua New Guinea (12"" Original)",25
Trance Arts,Twisted Tales,2
Ummet Ozcan,Timewave Zero (Original Mix),0
Second Sine,Ipanema Girls (Original Mix),0
Duran Duran,Ordinary World,72
Nea,Some Say (Felix Jaehn Remix),68
Simon Patterson & Greg Downey ft. Bo Bruce,Come To Me,0
Gareth Emery,Metropolis,29
Antonello Venditti,Lilly,33
AronChupa,Feel It (Don't Fight It),0
Martin Garrix & Dua Lipa,Scared To Be Lonely ,76
Paul van Dyk,Out There And Back,18
Paul van Dyk Feat. Wayne Jackson,The Other Side (Deep Dish Other Side Than This Side Remix),0
Angry Man,Lunatic (Before Sunrise Mix),0
The Doors,The End,59
Paul van Dyk feat. Johnny Mcdaid,Home (PvD Club Mix),0
Fabio XB & Ronnie Play feat. Gabriel Cage,Inside Of You (Cosmic Gate Remix),0
Armin van Buuren,Orbion (Max Graham vs Protoculture Remix),7
Cosmic Gate,Sign Of The Times (Markus Schulz Remix),0
Solid Globe,Sahara,1
Way Out West,Don't Forget Me (WOW Dust Biter Mix),0
Cutting Crew,(I Just) Died In Your Arms,76
Leama & Moor,Everything Matters (Matthew Dekay Club Mix),1
Andy Blueman,Sea Tides (Original Mix),15
Kraftwerk,The Robots,24
JES,Imagination (Will Atkinson Extended Remix),11
The Chainsmokers,Everybody Hates Me,57
Orchestral Manoeuvres In The Dark,Enola Gay,52
Jonas Blue Featuring William Singe,Mama,0
Coldplay,Midnight (Kygo Remix),50
Sied van Riel,M.M.E. (Original Mix),1
Astrix,Artcore,25
Orkidea,Liberation,1
Push,Strange World (2000 Remake),37
Envio,For You (The Blizzard Remix),16
Mansun,Wide Open Space (Greg Downey Remix),0
Yves Larock,Rise Up (Mat Zo Remix),0
Reaky,Vempire Strikes Back (Bryan Kearney's Anxiety Remix),0
Depeche Mode,It's No Good,53
Randy Katana,In Silence (Txitxarro Mix),18
Robbie Williams,Angels,73
U2,One,76
Depeche Mode,Enjoy The Silence ,67
Hertz,Funkster Ep (Original Mix),0
Adam Foley,Fourteen Falls,2
Simon & Shaker,Zero (Original Mix),12
Depeche Mode,Policy Of Truth,61
Mark Norman,Phantom Manor,19
Pet Shop Boys,Domino Dancing,44
The Smiths,There Is a Light That Never Goes Out,77
Young Parisians feat. Ben Lost,Jump The Next Train (Kyau vs. Albert Remix),15
Dirt Devils,The Drill (Evacuation Mix),0
Nick Sentience,Kinetic,0
The Police,Reggatta De Blanc,47
R.E.M.,Imitation Of Life,0
Travis,Sing,68
Rank 1,Awakening (Original Mix),4
Jan Johnston,Flesh (DJ Tiësto Mix),28
The Killers,Spaceman,62
Jurgen Vries,The Theme,29
Motionchild & Will Holland feat. Tiff Lacey,Arctic Kiss (Andy Blueman Remix),0
Gaia,4 Elements (Extended Version),0
David Guetta,The World Is Mine (F*** Me I'm Famous Remix),20
Mansun,Wide Open Space (Perfecto Mix),26
Leon Bolier,Summernight Confessions (Original Mix),0
Purple Haze,Bliksem,0
Kygo Feat. Conrad,Firestone (Original Mix),0
Roy Orbison,You Got It,69
Martin Garrix,Animals (Original Mix),0
Paul van Dyk feat. Second Sun,Crush (Original Mix),0
Deep Purple,Child In Time,44
Arctic Monkeys,R U Mine?,82
Martin Garrix & Florian Picasso vs. The Chemical Brothers & KAAZE,"Make Up Your Mind vs. Hey Boy, Hey Girl (Martin Garrix Mashup)",0
Mark Otten,Hyperfocus (Wezz Devall Remix),14
Lana Del Rey,Blue Jeans (Kris Menace Remix),37
The Auranaut,Yo Yo,0
Tiësto,Elements of Life,45
Chris Cockerill Feat. Karen,Chasing Stars (Photographer Dub),0
Jam & Spoon,Stella (Original Mix),0
Matt Skyer,Chupacabra,0
Creambase,Fiddle 2003 (Bellini Brothers Radio Cut),38
BT,Flaming June (BT vs. PVD Remix),0
U2,Beautiful Day,64
The Rasmus,In The Shadows,68
Jerome Isma-Ae,Smile When You Kill Me,27
Jonas Steur,Castamara,31
8 Wonders,The Morning After (The Thrillseekers Remix),21
Philippe El Sisi Feat. Sue McLaren,The Last Hope (Original Mix),0
Counting Crows,Mr. Jones,77
Bob Dylan,Hurricane,66
Kygo Feat. Parson James,Stole The Show ,0
Freedom Call,Warriors,44
Neelix,Coloured Light,33
Gate 42,Flow (John O'Callaghan Remix),1
Hammer & Bennett,Language (Santiago Nino Dub Tech Mix),10
The Chainsmokers,Break Up Every Night,50
A.M.R.,Sand Dunes (Daniel Kandi Club Mix),0
Krystal,Burning Flame (Abfahrt At Sundown Mix),0
The Raveonettes,Bang!,24
Giuseppe Ottaviani Feat. Stephen Pickup,No More Alone (Original Mix),8
H2O Team,Idose (Kami's Requiem mix),0
Chicane,No Ordinary Morning,35
Martin Garrix Ft. Usher,Don't Look Down ,0
Mauro Picotto,Iguana (Megavoices Mix),7
Wippenberg,Chakalaka (Original Mix),9
Cornershop,Brimful Of Asha (Norman Cook Remix Single Version),47
Simon Patterson,Mood Swing,8
Kings Of Leon,Use Somebody,76
The Weeknd,Often (Kygo Remix),66
The Police,Peanuts,40
The Offspring,Why Don't You Get a Job?,72
X Ambassadors,Renegades,75
Green Day,Boulevard of Broken Dreams,76
Vini Vici,The Tribe,47
Simon & Garfunkel,Mrs. Robinson,46
Nickelson,Yin (Solid Globe Remix),0
Deepsky,Talk Like A Stranger (Markus Schulz Return To Coldharbour Mix),7
Paul van Dyk,Avenue,25
Tilt,The World Doesn't Know,37
Fun.,We Are Young ,0
Jet,Are You Gonna Be My Girl,76
OceanLab,Clear Blue Water (Ferry Corsten Remix),4
M.I.K.E. Presents Fascinated,Totally Fascinated (M.I.K.E.'s Totally Mix),0
Zirenz,Edge Of Space (Whiteroom Remix),11
Second Sun,Empire (TPOD Mix by Paul van Dyk),0
Childish Gambino,Summertime Magic,62
Pink Floyd,Wish You Were Here,75
Oceania pres. Cordonnier,Squares In Boxes (Suncatcher Remix),0
Djuma Soundsystem,Les Djinns (Trentemøller Remix),41
Simon Patterson, Solo,14
Energy 52,Café Del Mar (Three 'N One Mix),13
Paul Oakenfold,Glow In The Dark ,5
Laurent Garnier,The Man With The Red Face,25
Space Manoeuvres,Stage One (DJ Orkidea Remix),0
Hydra,Affinity (The Thrillseekers Remix),0
Tony De Vit,The Dawn (Bryan Kearney Remix),0
Lostprophets,We Still Kill The Old Way,0
U2,Elevation,46
Miss Caffeina,Freed From Desire,0
Tim Preijers pres. Sense Of Shiver feat. Boom,Offshore (Temple One's Ocean View Remix),0
Simon Patterson,Zero Contact With The Humans ,0
Simon Patterson,Taxi,10
TWIIG,Tarantella (Original Mix),0
Simon Patterson,Thump (Simon Patterson 2013 Remix),2
Don McLean,American Pie,74
Heatbeat,Vergatron (Original Mix),7
Darude,Sandstorm (Original Mix),22
Richard Durand,Weep (Original Mix),8
Apollo 440,Stop The Rock (Gigolo Instrumental),0
Paramore,Crushcrushcrush (Fei-Fei's Riot Girl Remix),0
Orbital,Belfast,46
Muse,Plug In Baby,54
DJ Tiësto,Magik Journey (Tiësto's Old School Trance Mix),0
Neelix,Coloured Light (Simon Patterson Remix),0
Lykke Li,I Follow Rivers (The Magician Remix),70
Bjorn Akesson,Robot Religion (Original Mix),0
Don Diablo Featuring Bully Songs,Everybody's Somebody ,0
Nalin & Kane,Beachball,0
Synergy,Hello Strings,27
Maroon 5,One More Night,70
Daft Punk,Superheroes After All (Reaky Bootleg),0
Rafaël Frost ,Red (Ferry Corsten Remix),2
Gaia,Status Excessu D (Original Mix),0
James Blake,Limit To Your Love (Kygo Remix),53
James Dymond,Paladin (Original Mix),0
Super8 & Tab,Suru (Original Mix),19
Trancesetters,The Saga (Original Mix),0
Ayla,Liebe (ATB mix),36
Neelix,Leave Me Alone,18
Kyau vs. Albert,Walk Down (KvA Club Mix),0
Kygo & Jamie N Commons,Feels Like Forever,0
Coldplay,Viva La Vida,85
Nu NRG,Connective,0
Sneijder & Mark Leanings,Now Or Never (Original Mix),0
Astrix,Vicious Cycles,29
Mojado,Kaktus (John O'Callaghan Twilight Rework),0
UMEK,Amnesiac ,44
Major7 & Black & White,Black 7 (Coming Soon Remix),0
Kygo & Chelsea Cutler,Not Ok,0
Nova,All This Love (GTR Remix),0
Ferry Corsten Presents Gouryella ,Anahera (Extended Mix),0
Marshmello,Alone,70
Roland Klinkenberg,Inner Laugh (James Holden Remix),3
Tiësto,The Business (Robert Cristian Remix),0
Paul van Dyk feat. Hemstock & Jennings,Nothing But You (PvD Club Mix),0
Above & Beyond Feat. Zoë Johnston,No One On Earth (Gabriel & Dresden Club Remix),0
Phil Collins,In The Air Tonight ('Panski & John Skyfield Remix),0
Ayla,Ayla (Space Brothers Meet Sacha Collisson Remix),0
Alesso Ft. Matthew Koma,Years (Extended Instrumental Mix),0
Mark Sherry,My Love (Outburst Vocal Mix),1
Dido,Sand In My Shoes (Above & Beyond's UV Mix),0
Lustral,Everytime (Nalin & Kane Mix),40
Darren Tate vs. Jono Grant,Let The Light Shine In ,0
Zombie Nation,Kernkraft 400 (DJ Gius Remix),0
The Killers,A Dustland Fairytale,54
Muse,Time Is Running Out,68
Space Manoeuvres,Stage One (Separation Mix),4
Pendulum,Propane Nightmares,57
Nick Sentience,Nocturnal,0
Neelix,Taxidriver,0
Markus Schulz vs. Andy Moor,Daydream (Original Mix),0
Armin van Buuren,I Don't Own You (Andy Moor Remix),10
Neptune Project,Lost All My Tears (The Noble Six Remix),13
The Killers,Bones,58
Airbase,Escape (Original Mix),26
Kandi & Neumann,Let Go (Original Mix),8
Linkin Park,Numb,85
Evolver,Evolver (Wavestate Instrumental Mix),0
Andy Moor & Ashley Wallbridge Feat. Meighan Nealon,Faces (Ben Gold Vocal Mix),0
Inertia,The System (Original Mix),10
The Police,Truth Hits Everybody,43
Scorpions,Winds Of Change,0
Dimitri Vegas & Like Mike Vs DVBBS & Borgeous,Stampede,0
Insigma,Open Our Eyes (Insigma Mix),30
Eminem,Lose Yourself (Eddie Bitar Psy Rework),0
Tekara,Breathe In You (Tekara's M&M Dub),15
Sied van Riel & Geert Huinink,Sunrise (Original Mix),0
The Chainsmokers Ft. Halsey,Closer,0
Push,Universal Nation (Ferry Corsten Remix),26
BT feat. Jan Johnston vs. Sasha,Remember Magnetic North (Andrew Gray & Re-Element Reconstruction),0
Sigma,Nobody To Love (Extended Mix),46
Pendulum,Blood Sugar,0
Mauro Picotto,Komodo (Megavoices Claxixx Mix),28
Milky Chance,Down By The River,56
Mirco de Govia,Epic Monolith (Original Mix),8
Ashley Wallbridge feat. Meighan Nealon,I Believe (Gareth Emery Remix),0
Above & Beyond Feat. Richard Bedford,Sun & Moon (Club Mix),0
Tastexperience,Tantrix (Original Mix),0
Maor Levi,Shapes (Oliver Smith Remix),8
Kygo feat. Jason Walker,Sunrise,0
First State,Sierra Nevada (Original Mix),0
New Order,Blue Monday,71
Vangelis,Rachel's Song,52
The Vaccines,I Always Knew,57
Paul van Dyk feat. Johnny McDaid,We Are One (Giuseppe Ottaviani Remix),0
Motorcycle,As The Rush Comes (Gabriel & Dresden Sweeping Strings Mix),32
Sum 41,Still Waiting,64
Martin Garrix feat. Macklemore & Patrick Stump,Summer Days (Tiësto Remix),0
John O'Callaghan feat. Audrey Gallagher,Big Sky (Adam Ellis Remix),0
Paul van Dyk,Reflections,28
Roxette,The Look,56
Eagles,Hotel California,83
Lazonby,Sacred Cycles ,24
Billie Ray Martin,Honey (Chicane Club Mix),31
Art Of Trance,Easter Island (Cygnus X Mix),10
Ronny K. vs Ziki,From Somewhere (Original Mix),0
David West,Welsh Morphology (Original Mix),5
Thomas Bronzwaer,Collider (Jorn van Deynhoven Remix),9
"Kygo Ft. DNCE
Kygo Ft. DNCE",Dancing Feet	,0
System F,Out Of The Blue 2010 (Original Violin Edit),16
DVBBS & Tony Junior,Immortal,0
Lil Nas X & Jack Harlow,Industry Baby,0
P.O.S,Remember (Summer Sun),13
Simple Minds,Alive And Kicking,66
JamX & De Leon,Can You Dig It? (Paul Webster Remix),0
Reconceal & Andy Blueman,The World To Come (Andy Blueman Mix),0
Smash Mouth,All Star,77
Dire Straits,Walk of Life,62
Mike Foyle Pres. Statica,Head Rush,0
U2,With Or Without You,78
A Force,Atomic Outbreak,0
Ferry Corsten,Sweet Sorrow (Thrillseekers Remix),11
Tiësto,Traffic (Original Mix),17
Freefall feat. Jan Johnston,Skydive (Original Mix),0
Touchstone & Ian Standerwick,She's Wonderful (Photographer Remix),0
Sunburst,Eyeball (Original Mix),0
Tiësto,A Tear In The Open,35
Maroon 5 vs. Alesso,This Summer (Extended Remix),0
Capital Cities,Vowels,48
The Police,"De Do Do Do, De Da Da Da",64
Simon Patterson ,Backstab,0
Mannix,Pyramid,0
Martin Solveig & Dragonette,Hello (Single Edit),0
David Amo & Julio Navas present: Paco Maroto,Electronic Electro (Original Mix),0
Mix Factory,Take Me Away (Bryan Kearney's Planet Love MakeOver),0
Tim Berg,Seek Bromance (Avicii's Vocal Extended),20
Mike Koglin & DJ Uto,Time (Extended Vocal Mix),0
Kygo & Ellie Goulding,First Time,0
Ed Sheeran,Thinking Out Loud (Amero Remix),82
Dutch Force,Deadline (Original Mix),16
Sum 41,Pieces,67
Paul Webster,Punchbag (Original Mix),0
Wonky vs. Radiohead,Street Spirit,66
Pendulum,The Island – Pt. I (Dawn),53
Will Atkinson,Autobahn (Extended Mix),0
Rosie And The Goldbug,Heartbreak (Gareth Emery Remix),1
Eric Prydz vs. Pink Floyd,Proper Education,0
Lil Nas X,Old Town Road,77
Mark Mendy x Stban,With You,0
Cut Copy,Where I'm Going,41
Stray Dog,Mirror (Original Mix),0
John O'Callaghan & Giuseppe Ottaviani,Ride The Wave (Will Atkinson Remix),2
Armin van Buuren feat. Gabriel & Dresden,Zocalo (Original Mix),0
Binary Finary,1998 (Richard Durand Edit),0
Sting,Englishman In New York,71
Tears For Fears,Everybody Wants To Rule The World,86
Ferry Corsten,Sublime (Thrillseekers Remix),9
Phil Collins,In the Air Tonight,76
DJ Tiësto,Lethal Industry (Original),52
Jackson Browne,Stay,28
Lange,Follow Me (Club Mix),0
Sia,Buttons (Markus Schulz Coldharbour Dub Mix),4
Gheorghe Zamfir,Einsamer Hirte,0
Renato Cohen,Pontapé 2013 Remake,25
Iggy Pop,The Passenger,72
John Legend,All of Me,84
Bryan Adams,Heaven,77
Simon & Garfunkel,The Sound Of Silence,73
Cupa,Mass Panic (Concept Mix),0
Galen Behr vs. Hydroid,Carabella (Galen Behr vs. Orjan Nilsen Remix),15
Cut Copy,Free Your Mind,34
Royal Flush,Definition Of Insanity,0
Linkin Park,In The End (Markus Schulz Tribute Remix),0
Cass & Slide,Perception (New Vocal Mix),13
DJ Kim,Jetlag (Alphazone Remix),29
Paul van Dyk vs Activa Feat. Simon Patterson,The Other Thumpin Transmission (Neptune Project Mashup),0
Activa,Rise Above (Activa Club Mix),0
Cloud 69,Sixty Nine Ways,14
Underworld,Dark & Long (Dark Train Mix),44
